video_url,video_id,user_username,video_thumbnail_url,video_alt_info_text,like_count_text,crawling_algorithm
https://www.tiktok.com/@livgroup.official.saiyo/video/7117584137871019265,7117584137871019265,livgroup.official.saiyo,https://p77-sign-sg.tiktokcdn.com/tos-alisg-p-0037/262acaaef4c34ad48c44381a7e3ec777~tplv-tiktokx-origin.image?dr=14575&x-expires=1753873200&x-signature=hXAit7xkTDqj1RbkyVw%2FNxYJe%2Fc%3D&t=4d5b0474&ps=13740610&shp=81f88b70&shcp=43f4a2f9&idc=my2,buqicrew_officialの原聲 - buqicrew_officialを使用して丸の内にいる営業マン🌟が作成した大阪と岡山が産んだ残念なイケメン#おすすめ #営業マン #いいねください #スーツ #会社でtiktok #六本木 #社会人の日常 #fyp #foryou,60.2K,selenium-human-like-1
https://www.tiktok.com/@livgroup.official.saiyo/video/7437086340904193288,7437086340904193288,livgroup.official.saiyo,https://p77-sign-sg.tiktokcdn.com/tos-alisg-p-0037/owQNQoS86UjQDeIjXraOeNXy8SzMUhADAfk2rC~tplv-tiktokx-origin.image?dr=14575&x-expires=1753873200&x-signature=kAlOHcLzL9lgiTUQ2KBTMzVTx3Y%3D&t=4d5b0474&ps=13740610&shp=81f88b70&shcp=43f4a2f9&idc=my2,丸の内にいる営業マン🌟のオリジナル楽曲 - 丸の内にいる営業マン🌟を使用して丸の内にいる営業マン🌟が作成したトープセールス女性営業マンの、交渉がある日の1日に密着👀✨ リアルな日常をお届けします🎬 【新卒・中途社員募集中！】 あなたも一緒に成長しませんか？🔥💕 #Vlog #丸の内ol#丸の内ol #営業マン #社会人の日常 #会社でtiktok #おすすめにのりたい #おすすめ #fyp #オフィスコーデ #オフィスカジュアル #新卒採用 #中途採用 #25卒 #26卒 #就活 #就活生 #TWICE #リヴトラスト ,1327,selenium-human-like-1
https://www.tiktok.com/@livgroup.official.saiyo/video/7113881853966224641,7113881853966224641,livgroup.official.saiyo,https://p16-sign-sg.tiktokcdn.com/tos-alisg-p-0037/6d7251090e1f40cd8695aa666afa6315~tplv-tiktokx-origin.image?dr=14575&x-expires=1753873200&x-signature=%2FTY0XJqQYCScBJtvlZD21MF12n8%3D&t=4d5b0474&ps=13740610&shp=81f88b70&shcp=43f4a2f9&idc=my2,MATT CABのスピッツ 『チェリー』 REMAKE feat. BBY NABEを使用して丸の内にいる営業マン🌟が作成した営業女子で2択やってみた‼️#営業女子 #二択ゲーム #2択の選択 #恋愛 #六本木 #営業 #不動産投資 #不動産 #不動産tiktok #ベンチャー企業 #おすすめにのりたい #fyp,10.4K,selenium-human-like-1
https://www.tiktok.com/@livgroup.official.saiyo/video/7515581931069787399,7515581931069787399,livgroup.official.saiyo,https://p16-sign-sg.tiktokcdn.com/tos-alisg-p-0037/ocFXf32oTAanB5sDE3bLyRaBQ0ZfQC42EhogQD~tplv-tiktokx-dmt-logom:tos-alisg-i-0068/oUdXIQUA5DAfa6AlALF4BRoACEpgQCWTQvfDZE.image?dr=14573&x-expires=1753873200&x-signature=0q1dzTL4fWzFjb00FqnFjh8d5Vw%3D&t=4d5b0474&ps=13740610&shp=81f88b70&shcp=43f4a2f9&idc=my2,丸の内にいる営業マン🌟のオリジナル楽曲 - 丸の内にいる営業マン🌟を使用して丸の内にいる営業マン🌟が作成したこ年の新卒アポ取りまくりで凄すぎる…😳 配属2日で申込の子も👏 これだけ成長できる環境で東京の一等地で働けるって...説明会お待ちしております‼️ #就活 #採用 #新卒 #中途 #営業 #複利厚生 #東京 #丸の内 #不動産 ,46,selenium-human-like-1
https://www.tiktok.com/@livgroup.official.saiyo/video/7507543009731415314,7507543009731415314,livgroup.official.saiyo,https://p16-sign-sg.tiktokcdn.com/tos-alisg-p-0037/ogiIB0Iw7AbqAYBpBwfPiZAKANE9pA0OABG0JC~tplv-tiktokx-origin.image?dr=14575&x-expires=1753873200&x-signature=04mcz9j7rgzVaYKFE9hbKJ5ca00%3D&t=4d5b0474&ps=13740610&shp=81f88b70&shcp=43f4a2f9&idc=my2,丸の内にいる営業マン🌟のオリジナル楽曲 - 丸の内にいる営業マン🌟を使用して丸の内にいる営業マン🌟が作成した24日（土）東京ビッグサイトの採用イベントに出展しますので気になってる方是非ご来場ください〜🙋‍♀️💓 #就活 #採用 #新卒 #中途 #営業 #複利厚生 #東京 #丸の内 #不動産 ,47,selenium-human-like-1
https://www.tiktok.com/@livgroup.official.saiyo/video/7504264521293286674,7504264521293286674,livgroup.official.saiyo,https://p16-sign-sg.tiktokcdn.com/tos-alisg-p-0037/o4NFEniVAjKqx9LkAABAIBE5Iy0wgBACAkinfI~tplv-tiktokx-origin.image?dr=14575&x-expires=1753873200&x-signature=ZiMo1xe9exKt5WVJzDnvfTzX1LU%3D&t=4d5b0474&ps=13740610&shp=81f88b70&shcp=43f4a2f9&idc=my2,丸の内にいる営業マン🌟のオリジナル楽曲 - 丸の内にいる営業マン🌟を使用して丸の内にいる営業マン🌟が作成した先輩後輩コンビ🫧#営業女子 #丸の内 #おすすめ #営業 #社会人 ,99,selenium-human-like-1
https://www.tiktok.com/@livgroup.official.saiyo/video/7496788633291181320,7496788633291181320,livgroup.official.saiyo,https://p16-sign-sg.tiktokcdn.com/tos-alisg-p-0037/oooBEAOjmQKKI88DEQfAuFD0FsfCACZYMQOJfy~tplv-tiktokx-origin.image?dr=14575&x-expires=1753873200&x-signature=XiilKzJJItmtmJRo52N9%2FaIaNU0%3D&t=4d5b0474&ps=13740610&shp=81f88b70&shcp=43f4a2f9&idc=my2,丸の内にいる営業マン🌟のオリジナル楽曲 - 丸の内にいる営業マン🌟を使用して丸の内にいる営業マン🌟が作成した先輩とたまたま似てる服着てたので...📸✨💛#おすすめ #おすすめにのりたい #丸の内ol #丸の内 #営業女子 #オフィスコーデ #会社でtiktok #社会人の日常#おすすめ #新卒採用 #中途採用 #26卒 ,40,selenium-human-like-1
https://www.tiktok.com/@livgroup.official.saiyo/video/7496051256939629842,7496051256939629842,livgroup.official.saiyo,https://p77-sign-sg.tiktokcdn.com/tos-alisg-p-0037/oAAHa0wIi1BAAKti6pB5A0Ul5AkAICAAENuEfZ~tplv-tiktokx-dmt-logom:tos-alisg-i-0068/o0GAWIAzvA6AAAiUiSHEdHVdYEBaBlSMuCqUA.image?dr=14573&x-expires=1753873200&x-signature=TEvaYiAOtekjMd0ZyweHxRh%2BLAI%3D&t=4d5b0474&ps=13740610&shp=81f88b70&shcp=43f4a2f9&idc=my2,丸の内にいる営業マン🌟のオリジナル楽曲 - 丸の内にいる営業マン🌟を使用して丸の内にいる営業マン🌟が作成した中途で入社してバリバリ稼いでる人も💪 どうせ働くなら限度なく稼げた方が楽しいｼﾞｬﾝ？！😼 プロフのリンクからお待ちしております🙋‍♀️🙋 #営業 #丸の内 #採用 ,18,selenium-human-like-1
https://www.tiktok.com/@livgroup.official.saiyo/video/7495960167880592647,7495960167880592647,livgroup.official.saiyo,https://p16-sign-sg.tiktokcdn.com/tos-alisg-p-0037/oElBYAaHAIdyBC3IAAiBaAAAEDAAAc1IEPiyE~tplv-tiktokx-dmt-logom:tos-alisg-i-0068/o0idoElPBAAiHBYBvAJAAACEAaYIAcAPEM7Ku.image?dr=14573&x-expires=1753873200&x-signature=vCd8uUFm%2Br6zm6H6RU03YT%2FAW0g%3D&t=4d5b0474&ps=13740610&shp=81f88b70&shcp=43f4a2f9&idc=my2,丸の内にいる営業マン🌟のオリジナル楽曲 - 丸の内にいる営業マン🌟を使用して丸の内にいる営業マン🌟が作成した新卒の皆さん仕事には慣れてきましたか〜👀❓ #営業 #不動産 #丸の内 #就活 #採用 ,38,selenium-human-like-1
https://www.tiktok.com/@livgroup.official.saiyo/video/7495373045004045576,7495373045004045576,livgroup.official.saiyo,https://p16-sign-sg.tiktokcdn.com/tos-alisg-p-0037/oIn0VpUBAAA0AIv6wEimA6KBKfGHkhniACBAEI~tplv-tiktokx-origin.image?dr=14575&x-expires=1753873200&x-signature=Gs09wXmczgpOqqv93RG3aaXKuHU%3D&t=4d5b0474&ps=13740610&shp=81f88b70&shcp=43f4a2f9&idc=my2,丸の内にいる営業マン🌟のオリジナル楽曲 - 丸の内にいる営業マン🌟を使用して丸の内にいる営業マン🌟が作成した,38,selenium-human-like-1
https://www.tiktok.com/@livgroup.official.saiyo/video/7495372237265128712,7495372237265128712,livgroup.official.saiyo,https://p16-sign-sg.tiktokcdn.com/tos-alisg-p-0037/oIoAU8E0ZCYEOAFRfBaIoVmAABEUgHfACl6DEa~tplv-tiktokx-origin.image?dr=14575&x-expires=1753873200&x-signature=Osw66UWO8pAfjTQ6XE8f77oXkaQ%3D&t=4d5b0474&ps=13740610&shp=81f88b70&shcp=43f4a2f9&idc=my2,丸の内にいる営業マン🌟のオリジナル楽曲 - 丸の内にいる営業マン🌟を使用して丸の内にいる営業マン🌟が作成した,37,selenium-human-like-1
https://www.tiktok.com/@livgroup.official.saiyo/video/7491291461758094610,7491291461758094610,livgroup.official.saiyo,https://p16-sign-sg.tiktokcdn.com/tos-alisg-p-0037/oYvAfDeI3A78PPm4EQEPjiAeANI5LOIAGRHN0s~tplv-tiktokx-origin.image?dr=14575&x-expires=1753873200&x-signature=72fnEVhOEEDSnBDSkSnFwyaW0t4%3D&t=4d5b0474&ps=13740610&shp=81f88b70&shcp=43f4a2f9&idc=my2,丸の内にいる営業マン🌟のオリジナル楽曲 - 丸の内にいる営業マン🌟を使用して丸の内にいる営業マン🌟が作成したalmond chocolate🍫💕,39,selenium-human-like-1
https://www.tiktok.com/@livgroup.official.saiyo/video/7490484508966341893,7490484508966341893,livgroup.official.saiyo,https://p16-sign-va.tiktokcdn.com/tos-maliva-p-0068/ogAAoBEIEBQnAS8fPjFJz3De1AwMoEAUDC4RA4~tplv-tiktokx-dmt-logom:tos-useast2a-v-0068/oY8fARfPFfeuQAQfL78X0EBMi5AEngZOfKQBAU.image?dr=14573&x-expires=1753873200&x-signature=uBabfdiMq2K9QQ1DhjxXRcRaRfo%3D&t=4d5b0474&ps=13740610&shp=81f88b70&shcp=43f4a2f9&idc=my2,丸の内にいる営業マン🌟のオリジナル楽曲 - 丸の内にいる営業マン🌟を使用して丸の内にいる営業マン🌟が作成した#営業 #不動産 #丸の内 #就活 #採用 #26卒 #27卒 #新卒 #中途 #社会人の日常 ,26,selenium-human-like-1
https://www.tiktok.com/@livgroup.official.saiyo/video/7489396413445459206,7489396413445459206,livgroup.official.saiyo,https://p16-sign-va.tiktokcdn.com/tos-maliva-p-0068/o8fveYzXAmrAJ6Aihf1ffKAcDMWMKI88qAXMlQ~tplv-tiktokx-origin.image?dr=14575&x-expires=1753873200&x-signature=H9XAT%2Fy2L%2FBICmNaNchbmRW0uTM%3D&t=4d5b0474&ps=13740610&shp=81f88b70&shcp=43f4a2f9&idc=my2,丸の内にいる営業マン🌟のオリジナル楽曲 - 丸の内にいる営業マン🌟を使用して丸の内にいる営業マン🌟が作成した,43,selenium-human-like-1
https://www.tiktok.com/@livgroup.official.saiyo/video/7489047821958597943,7489047821958597943,livgroup.official.saiyo,https://p16-sign-va.tiktokcdn.com/tos-maliva-p-0068/ocCz6qEoE9Ai7izcDUI869f5AiB6gBAIDAVzQu~tplv-tiktokx-dmt-logom:tos-useast2a-v-0068/ogzC39ADsiPZABEAAz2pImoAiiEsfgrBIucVOh.image?dr=14573&x-expires=1753873200&x-signature=sI6DjSPKFt6pMZi0IOu6rZ%2FjML8%3D&t=4d5b0474&ps=13740610&shp=81f88b70&shcp=43f4a2f9&idc=my2,ローカルカンピオーネ🗾👑のオリジナル楽曲 - ローカルカンピオーネ🗾👑を使用して丸の内にいる営業マン🌟が作成した#営業 #不動産 #丸の内 #就活 #採用 #26卒 #27卒 #新卒 #中途 ,25,selenium-human-like-1
https://www.tiktok.com/@livgroup.official.saiyo/video/7488662508950113591,7488662508950113591,livgroup.official.saiyo,https://p16-sign-va.tiktokcdn.com/tos-maliva-p-0068/ooCnAJ17zFHAMERAInEDvcfmQAbfQLZFBJajlR~tplv-tiktokx-origin.image?dr=14575&x-expires=1753873200&x-signature=Se8dMpJ3WS58u1HNjAe3YKlkRiI%3D&t=4d5b0474&ps=13740610&shp=81f88b70&shcp=43f4a2f9&idc=my2,丸の内にいる営業マン🌟のオリジナル楽曲 - 丸の内にいる営業マン🌟を使用して丸の内にいる営業マン🌟が作成した毎日ビジュイイじゃん😏⭐️#おすすめ #おすすめにのりたい #fyp #今日ビジュイイじゃん #イイじゃん #会社でtiktok #丸の内ol #営業マン #丸の内 #社会人の日常 #営業女子 #新卒採用 #中途採用 ,37,selenium-human-like-1
https://www.tiktok.com/@livgroup.official.saiyo/video/7488307370347564294,7488307370347564294,livgroup.official.saiyo,https://p16-sign-va.tiktokcdn.com/tos-maliva-p-0068/oMPELn7fQMxIS31C4XpDfC6jfuAFDu5gRmRPQU~tplv-tiktokx-origin.image?dr=14575&x-expires=1753873200&x-signature=EzouOUJjGhv7NPodoqzoc0XMbyw%3D&t=4d5b0474&ps=13740610&shp=81f88b70&shcp=43f4a2f9&idc=my2,丸の内にいる営業マン🌟のオリジナル楽曲 - 丸の内にいる営業マン🌟を使用して丸の内にいる営業マン🌟が作成した営業職興味ある子待ってます🎀#仮契約のシンデレラ ,33,selenium-human-like-1
https://www.tiktok.com/@livgroup.official.saiyo/video/7488257277175008518,7488257277175008518,livgroup.official.saiyo,https://p16-sign-va.tiktokcdn.com/tos-maliva-p-0068/ogAHodmuBIDlIr0EAaiAEoIsUBfzzAgEi1o9C9~tplv-tiktokx-origin.image?dr=14575&x-expires=1753873200&x-signature=4IJ0dxkc5djKYdYnHqPqdzSzbBA%3D&t=4d5b0474&ps=13740610&shp=81f88b70&shcp=43f4a2f9&idc=my2,丸の内にいる営業マン🌟のオリジナル楽曲 - 丸の内にいる営業マン🌟を使用して丸の内にいる営業マン🌟が作成した頼むから落ち着いてwwwww #営業 #不動産 #丸の内 #就活 #採用 #26卒 #27卒 #新卒 #中途 #倍倍ファイト #社会人の日常 ,55,selenium-human-like-1
https://www.tiktok.com/@livgroup.official.saiyo/video/7487924148241566981,7487924148241566981,livgroup.official.saiyo,https://p16-sign-va.tiktokcdn.com/tos-maliva-p-0068/ow4ABOfDJQoYRrnE4csWH6ZnqB1AZEMeFC5tQQ~tplv-tiktokx-origin.image?dr=14575&x-expires=1753873200&x-signature=Zw7Sd%2FFx%2BhVSeDlkaw28caLyrH8%3D&t=4d5b0474&ps=13740610&shp=81f88b70&shcp=43f4a2f9&idc=my2,丸の内にいる営業マン🌟のオリジナル楽曲 - 丸の内にいる営業マン🌟を使用して丸の内にいる営業マン🌟が作成した同期で踊ってみた💕#営業女子 #丸の内 #おすすめ #不動産 ,32,selenium-human-like-1
https://www.tiktok.com/@livgroup.official.saiyo/video/7487913574552128774,7487913574552128774,livgroup.official.saiyo,https://p16-sign-va.tiktokcdn.com/tos-maliva-p-0068/och6DfeUEEOJIcamnDnQFBJqECRmAvqYjBC2bB~tplv-tiktokx-origin.image?dr=14575&x-expires=1753873200&x-signature=BUhGXDcDeTdJ2IF4GSee04FLZHI%3D&t=4d5b0474&ps=13740610&shp=81f88b70&shcp=43f4a2f9&idc=my2,丸の内にいる営業マン🌟のオリジナル楽曲 - 丸の内にいる営業マン🌟を使用して丸の内にいる営業マン🌟が作成した営業マンで2択やってみた‼️👈🏻👉🏻✨#おすすめ #おすすめにのりたい #fyp #会社でtiktok #丸の内ol #スーツ男子 #営業マン#丸の内 #社会人の日常 #営業女子 #2択ゲーム #不動産投資 #不動産 ,146,selenium-human-like-1
https://www.tiktok.com/@livgroup.official.saiyo/video/7487435016969014534,7487435016969014534,livgroup.official.saiyo,https://p16-sign-va.tiktokcdn.com/tos-maliva-p-0068/ok7oIFAszEEACAg2tB9ihDtiIrBAlFACAofXoU~tplv-tiktokx-origin.image?dr=14575&x-expires=1753873200&x-signature=hdOvT8aGQyr0ZcrZM%2BDflth5UxY%3D&t=4d5b0474&ps=13740610&shp=81f88b70&shcp=43f4a2f9&idc=my2,丸の内にいる営業マン🌟のオリジナル楽曲 - 丸の内にいる営業マン🌟を使用して丸の内にいる営業マン🌟が作成した右の子がなんで右側を見てるかは撮影裏を見たら分かります笑 #営業 #就活 #不動産 #東京 #丸の内 #26卒 #27卒 #新卒 #中途 #採用募集 ,53,selenium-human-like-1
https://www.tiktok.com/@livgroup.official.saiyo/video/7486812579550039302,7486812579550039302,livgroup.official.saiyo,https://p16-sign-va.tiktokcdn.com/tos-maliva-p-0068/osQgGAAqnDBoDBemC2FEQBDmE5ARQbAIE8fNJo~tplv-tiktokx-origin.image?dr=14575&x-expires=1753873200&x-signature=vxCeVXNeASjXj4%2BEZR%2BcAPm4DAk%3D&t=4d5b0474&ps=13740610&shp=81f88b70&shcp=43f4a2f9&idc=my2,丸の内にいる営業マン🌟のオリジナル楽曲 - 丸の内にいる営業マン🌟を使用して丸の内にいる営業マン🌟が作成した最後の3つが本当に大事だから見て！！！ #営業 #就活 #倍倍ファイト #不動産 #東京 #丸の内 #26卒 #27卒 #新卒 #中途 #営業職 ,35,selenium-human-like-1
https://www.tiktok.com/@livgroup.official.saiyo/video/7486435495161990407,7486435495161990407,livgroup.official.saiyo,https://p16-sign-sg.tiktokcdn.com/tos-alisg-p-0037/oEKKWAAbnDBTj81lCeFEglDtE5ARF1AIEOfUUS~tplv-tiktokx-origin.image?dr=14575&x-expires=1753873200&x-signature=L%2BrhJAAA01KH5AjRbZvgRSRZbZU%3D&t=4d5b0474&ps=13740610&shp=81f88b70&shcp=43f4a2f9&idc=my2,ローカルカンピオーネ🗾👑のオリジナル楽曲 - ローカルカンピオーネ🗾👑を使用して丸の内にいる営業マン🌟が作成した#営業 #不動産投資 #採用募集 #丸の内 #新卒 #中途 #26卒 #27卒 #就活 #社会人の日常 ,37,selenium-human-like-1
https://www.tiktok.com/@livgroup.official.saiyo/video/7486384288963775762,7486384288963775762,livgroup.official.saiyo,https://p16-sign-sg.tiktokcdn.com/tos-alisg-p-0037/oUubJATxPUAssEQnH5FfBCgwY9fAr8I7RADjEd~tplv-tiktokx-dmt-logom:tos-alisg-i-0068/oUUC58sAHPXD0GvLAAARtdfrE8BFJeEngIYQj3.image?dr=14573&x-expires=1753873200&x-signature=zBp1Tn1mTp9ptYLFr8jj1bhhzx4%3D&t=4d5b0474&ps=13740610&shp=81f88b70&shcp=43f4a2f9&idc=my2,husaini_yusufのsuara asli - husaini_yusufを使用して丸の内にいる営業マン🌟が作成した暖かくなってきたので屋上テラスで撮影してきました〜📸✨️ もうあと1週間で入社式ですね....1年あっという間でした😭 内定者の皆様！ お会い出来ることを楽しみにしております🙌 キラキラな新卒からパワーをもらってもっともっと頑張ります💪 ̖́- 26卒、27卒の方、そして中途の方も募集中です！ まずは説明会に参加してみてください👍🌟 #営業 #不動産投資 #採用募集 #丸の内 #新卒 #中途 #社会人の日常 ,42,selenium-human-like-1
https://www.tiktok.com/@livgroup.official.saiyo/video/7486050912000167186,7486050912000167186,livgroup.official.saiyo,https://p16-sign-sg.tiktokcdn.com/tos-alisg-p-0037/o8fHPfdQAljGAQeImEXPAlHMAaokADt085xI69~tplv-tiktokx-dmt-logom:tos-alisg-i-0068/ocKBePaADPYBxm5zAAAI6pvLCLAijyizwE6Iua.image?dr=14573&x-expires=1753873200&x-signature=GmBM01T1JVdo1e9aZevQs%2BmnSSE%3D&t=4d5b0474&ps=13740610&shp=81f88b70&shcp=43f4a2f9&idc=my2,丸の内にいる営業マン🌟のオリジナル楽曲 - 丸の内にいる営業マン🌟を使用して丸の内にいる営業マン🌟が作成したグダグダ😂 けどこうなっちゃう人多いですよね？笑笑 #営業 #不動産投資 #採用募集 #倍倍ファイト ,19,selenium-human-like-1
https://www.tiktok.com/@livgroup.official.saiyo/video/7485705912955473160,7485705912955473160,livgroup.official.saiyo,https://p77-sign-sg.tiktokcdn.com/tos-alisg-p-0037/o4EiAI1xrLHAlISAIPIGDeeSQAB2APehDoFBmj~tplv-tiktokx-origin.image?dr=14575&x-expires=1753873200&x-signature=N7G84kCIUXCIGo3r5c5qKJrePfw%3D&t=4d5b0474&ps=13740610&shp=81f88b70&shcp=43f4a2f9&idc=my2,こっちのけんとのはいよろこんでを使用して丸の内にいる営業マン🌟が作成した🏡✨【自社物件紹介】2025年3月竣工の最新マンション！ 📍「リヴシティ本羽田」 🔐顔認証システム 🚌羽田空港まで約6分、品川駅まで約14分 快適な新生活をここで始めませんか？🏙️🌸✨ #おすすめ #おすすめにのりたい #fyp #新築 #新築マンション #物件紹介 #ルームツアー #会社でtiktok #丸の内ol #営業マン #丸の内 #新卒採用 #中途採用 ,32,selenium-human-like-1
https://www.tiktok.com/@livgroup.official.saiyo/video/7484948013970935048,7484948013970935048,livgroup.official.saiyo,https://p16-sign-sg.tiktokcdn.com/tos-alisg-p-0037/oETAEDAFWIA2GjAAzMIvGCQe4C4TDfwEoJDP9f~tplv-tiktokx-origin.image?dr=14575&x-expires=1753873200&x-signature=5mUtCK1z4wZ9D2FrRc3K0LL7lqs%3D&t=4d5b0474&ps=13740610&shp=81f88b70&shcp=43f4a2f9&idc=my2,moodiesのsuara asli - fjyyyを使用して丸の内にいる営業マン🌟が作成した新築物件の施主検査に参加して来ました🙋‍♀️ めちゃめちゃ綺麗でテンション上がりまくり〜！ お客様に部屋の写真を送ったり☺️ #営業 #不動産投資 #採用募集 ,49,selenium-human-like-1
https://www.tiktok.com/@livgroup.official.saiyo/video/7484930077776432402,7484930077776432402,livgroup.official.saiyo,https://p16-sign-sg.tiktokcdn.com/tos-alisg-p-0037/oc6IyvAN9LvUAEoAAPKHjXAACIQ0eDsGgfoIcf~tplv-tiktokx-origin.image?dr=14575&x-expires=1753873200&x-signature=aXgTVD0Fymdo1T0Fokbi%2FGBXi3U%3D&t=4d5b0474&ps=13740610&shp=81f88b70&shcp=43f4a2f9&idc=my2,丸の内にいる営業マン🌟のオリジナル楽曲 - 丸の内にいる営業マン🌟を使用して丸の内にいる営業マン🌟が作成したこの曲のブーム終わらないの私だけですか？笑笑 #営業 #不動産投資 #採用募集 ,37,selenium-human-like-1
https://www.tiktok.com/@livgroup.official.saiyo/video/7480360277964344583,7480360277964344583,livgroup.official.saiyo,https://p16-sign-sg.tiktokcdn.com/tos-alisg-p-0037/oE8PI8OrzEKACAA0lB5iMDoiIjBAcNAWJwf5Bb~tplv-tiktokx-origin.image?dr=14575&x-expires=1753873200&x-signature=2BisPuMHGclLZxtYVpSHRGTI4C0%3D&t=4d5b0474&ps=13740610&shp=81f88b70&shcp=43f4a2f9&idc=my2,さんうさぎの泡の音がかわいいポップな曲を使用して丸の内にいる営業マン🌟が作成した営業マンの1日vlog👔💼✨ 入社からまだ5ヶ月も経っていない売れっ子営業マンの出張vlogをお届け！👀 新卒・中途社員も大活躍中です🔥 「こんな社会人かっこいいな…✨」って思ったら、 次は君の番かも⁉️😏 挑戦したい人待ってます！！ 📍詳しくはプロフィールから✅ #vlog #おすすめ #おすすめにのりたい #fyp #営業マン #スーツ男子 #会社でtiktok #社会人の日常 #丸の内 #新卒採用 #中途採用 #26卒 #就活 #就活生 #新卒 #中途 ,55,selenium-human-like-1
https://www.tiktok.com/@livgroup.official.saiyo/video/7478975660988304661,7478975660988304661,livgroup.official.saiyo,https://p16-sign-sg.tiktokcdn.com/tos-alisg-p-0037/oMMV5B5oIAoTjpBC7Aqi0VMvhE7IwPiAzKAQdf~tplv-tiktokx-origin.image?dr=14575&x-expires=1753873200&x-signature=m%2BBwsQoV6ZcaCGQEddS08b5HjLI%3D&t=4d5b0474&ps=13740610&shp=81f88b70&shcp=43f4a2f9&idc=my2,ローカルカンピオーネ🗾👑のオリジナル楽曲 - ローカルカンピオーネ🗾👑を使用して丸の内にいる営業マン🌟が作成した就活生の皆さん〜🙋‍♀️ 就活は順調ですか〜？🤔💭 説明会にでるだけでも疲れちゃいますよね💦 リヴトラストでは新卒・中途を募集中‼️ 是非説明会に参加ください〜✨️ #営業 #不動産 #不動産投資 #東京 #丸の内 #新卒 #中途 #採用 #採用募集 #就活 #就活生 #26卒 #27卒 #福利厚生 ,31,selenium-human-like-1
https://www.tiktok.com/@livgroup.official.saiyo/video/7478269264437267733,7478269264437267733,livgroup.official.saiyo,https://p16-sign-sg.tiktokcdn.com/tos-alisg-p-0037/oABAAnCCUNZEEuFRpfIAJtAUZJgfGLkIADyEkD~tplv-tiktokx-origin.image?dr=14575&x-expires=1753873200&x-signature=w90CHKJIh%2FjVObC0Hxkz1mLj%2F3Y%3D&t=4d5b0474&ps=13740610&shp=81f88b70&shcp=43f4a2f9&idc=my2,のばななを使用して丸の内にいる営業マン🌟が作成したフォルダにあったおもしろ動画集🤣 #営業 #不動産 #不動産投資 #東京 #丸の内 #新卒 #中途 #採用 #採用募集 #就活 #就活生 #26卒 #27卒 #社内イベント #社会人の日常 #おもしろ動画 ,76,selenium-human-like-1
https://www.tiktok.com/@livgroup.official.saiyo/video/7478263668694682900,7478263668694682900,livgroup.official.saiyo,https://p16-sign-sg.tiktokcdn.com/tos-alisg-p-0037/oIejEIJ8VfrzDAfIdsEWIVpIAALTDPAEksGoAI~tplv-tiktokx-origin.image?dr=14575&x-expires=1753873200&x-signature=KA9HoZWEp6pcCRCTDIgIAuCzHbg%3D&t=4d5b0474&ps=13740610&shp=81f88b70&shcp=43f4a2f9&idc=my2,Dachshiwa The Pawmangyansのoriginal sound - Dachshiwa The Pawmangyansを使用して丸の内にいる営業マン🌟が作成した年末の運動会のネタが沢山ありすぎて😂 この忘年会が終わったら年末年始連休✌😚🍺 めちゃめちゃ思い出になった〜📷💭💓 #営業 #不動産 #不動産投資 #東京 #丸の内 #新卒 #中途 #就活 #就活生 #採用 #採用募集 #26卒 #27卒 #忘年会 #運動会 #福利厚生 #社内イベント #年末年始 #社会人の日常 #,23,selenium-human-like-1
https://www.tiktok.com/@livgroup.official.saiyo/video/7477920870426561810,7477920870426561810,livgroup.official.saiyo,https://p16-sign-sg.tiktokcdn.com/tos-alisg-p-0037/ooEB8BREIBAfXIbGDnRg2CYNUBFi76xDuI9h3f~tplv-tiktokx-origin.image?dr=14575&x-expires=1753873200&x-signature=u2ETiTxICsCvrO9fbmZ2T4l5gWo%3D&t=4d5b0474&ps=13740610&shp=81f88b70&shcp=43f4a2f9&idc=my2,丸の内にいる営業マン🌟のオリジナル楽曲 - 丸の内にいる営業マン🌟を使用して丸の内にいる営業マン🌟が作成した営業女子で踊ってみた#営業 #東京 #おすすめ ,43,selenium-human-like-1
https://www.tiktok.com/@livgroup.official.saiyo/video/7477511031607069960,7477511031607069960,livgroup.official.saiyo,https://p16-sign-sg.tiktokcdn.com/tos-alisg-p-0037/oMFTxiBIIBzD4ZCpdwAvAZKrEf0W62AiaMIArA~tplv-tiktokx-origin.image?dr=14575&x-expires=1753873200&x-signature=fLT3Zmf6FfwmUwvcrJal%2BO9NNmY%3D&t=4d5b0474&ps=13740610&shp=81f88b70&shcp=43f4a2f9&idc=my2,丸の内にいる営業マン🌟のオリジナル楽曲 - 丸の内にいる営業マン🌟を使用して丸の内にいる営業マン🌟が作成した寒かったり暖かかったりして服装困る(  ˘ •~• ˘  )💭 あと1ヶ月で新卒が入ってきますね🫣✨️ ワクワクドキドキです…💓 #就活 #就活生 #採用 #26卒 #27卒 #新卒 #中途 #営業 #営業職 #不動産 #丸の内OL #社会人の日常 #丸の内イルミネーション ,25,selenium-human-like-1
https://www.tiktok.com/@livgroup.official.saiyo/video/7476434798186204434,7476434798186204434,livgroup.official.saiyo,https://p16-sign-sg.tiktokcdn.com/tos-alisg-p-0037/ooAe0LOsAdejmGLeISoDztANDqIIgPmoAAEBEm~tplv-tiktokx-origin.image?dr=14575&x-expires=1753873200&x-signature=btNu1jKZbudSSFgm7bdS6U7p2gU%3D&t=4d5b0474&ps=13740610&shp=81f88b70&shcp=43f4a2f9&idc=my2,丸の内にいる営業マン🌟のオリジナル楽曲 - 丸の内にいる営業マン🌟を使用して丸の内にいる営業マン🌟が作成したどっちが年上に見えますか？？🫢💭#fyp #おすすめ #おすすめにのりたい #kingandprince #会社でtiktok#会社でtiktok丸の内ol #営業マン #丸の内 #新卒採用 #中途採用 #26卒 #就活 #就活生 #新卒 #リヴトラスト #スーツ男子 ,32,selenium-human-like-1
https://www.tiktok.com/@livgroup.official.saiyo/video/7475371795399413000,7475371795399413000,livgroup.official.saiyo,https://p16-sign-sg.tiktokcdn.com/tos-alisg-p-0037/oEEibXI8EiwDAvlxA2A3LY6FCyBPGOAZ97BvA~tplv-tiktokx-dmt-logom:tos-alisg-i-0068/oIzAKB9EGBUEuAiIxA2IAw3AA3C0wqfCD22Bi2.image?dr=14573&x-expires=1753873200&x-signature=7H9wyLOimwT7XzGf1JlLn9zEjy0%3D&t=4d5b0474&ps=13740610&shp=81f88b70&shcp=43f4a2f9&idc=my2,丸の内にいる営業マン🌟のオリジナル楽曲 - 丸の内にいる営業マン🌟を使用して丸の内にいる営業マン🌟が作成した#東芝ブレイブルーパス東京  スポンサーになりました🏉✨️ これから企画や顧客紹介をしていきます‼️ 初めての企画は『サイン入りグッズ抽選会』をしました🙋‍♀️ ラグビー部の方やラグビー好きな方と一緒に働きたいです🌟 #ラグビー #ラグビー部 #就活生 #就活 #採用 #26卒 #27卒 #新卒 #中途 #営業 #営業職 #不動産 #丸の内OL #社会人の日常 ,32,selenium-human-like-1
https://www.tiktok.com/@livgroup.official.saiyo/video/7473422959886011666,7473422959886011666,livgroup.official.saiyo,https://p16-sign-sg.tiktokcdn.com/tos-alisg-p-0037/oc73zAI8dABow5ANEuCCB9C20IipI2OilAmTfA~tplv-tiktokx-origin.image?dr=14575&x-expires=1753873200&x-signature=tpAHr2xi3kjqSqc2aQhhZIAxWwo%3D&t=4d5b0474&ps=13740610&shp=81f88b70&shcp=43f4a2f9&idc=my2,丸の内にいる営業マン🌟のオリジナル楽曲 - 丸の内にいる営業マン🌟を使用して丸の内にいる営業マン🌟が作成した同期で🫠💞#おすすめ #おすすめにのりたい #fyp #会社でtiktok #社会人の日常 #丸の内ol #営業マン #丸の内 #新卒採用 #中途採用 #26卒 #就活 #就活生 #新卒 #営業女子 #リヴトラスト ,24,selenium-human-like-1
https://www.tiktok.com/@livgroup.official.saiyo/video/7470830129917332743,7470830129917332743,livgroup.official.saiyo,https://p16-sign-sg.tiktokcdn.com/tos-alisg-p-0037/owAfbFhmAGeR7D1PIIuBuUApCmEErn8UgACtEB~tplv-tiktokx-dmt-logom:tos-alisg-i-0068/oMtNw1BAAIzAiCcwNKfBII2PGzy1utChAiA8iE.image?dr=14573&x-expires=1753873200&x-signature=KnlZ0qqZcTgOzczhiJlzEevrHv0%3D&t=4d5b0474&ps=13740610&shp=81f88b70&shcp=43f4a2f9&idc=my2,丸の内にいる営業マン🌟のオリジナル楽曲 - 丸の内にいる営業マン🌟を使用して丸の内にいる営業マン🌟が作成したミステイク😂👍 最近学生さん達がオフィス見学に来てて気が引き締まります🔥 社員ほとんど交渉に出ていてスッカラカンな時もありますが…😅 まだまだ営業職募集中なのでプロフィールのリンクからチェックしてみてね🔗 #営業 #丸の内OL #不動産 #26卒 #27卒 #採用 #就活 #社会人の日常 #営業女子 #営業女子の日常 ,23,selenium-human-like-1
https://www.tiktok.com/@livgroup.official.saiyo/video/7468258323494636818,7468258323494636818,livgroup.official.saiyo,https://p77-sign-sg.tiktokcdn.com/tos-alisg-p-0037/owFVWArnpAoPBeiAEmnJCRlCUIkfIgLAEcFgED~tplv-tiktokx-origin.image?dr=14575&x-expires=1753873200&x-signature=TsIdYUGgseguy%2B%2B06ooTswCOkIY%3D&t=4d5b0474&ps=13740610&shp=81f88b70&shcp=43f4a2f9&idc=my2,ローカルカンピオーネ🗾👑のオリジナル楽曲 - ローカルカンピオーネ🗾👑を使用して丸の内にいる営業マン🌟が作成した26卒の子が自主的に研修に来てて先輩陣も燃えてます🔥 #営業 #丸の内OL #不動産 #26卒 #27卒 #採用 #就活 #社会人の日常 #KITTE ,30,selenium-human-like-1
https://www.tiktok.com/@livgroup.official.saiyo/video/7468257792403541255,7468257792403541255,livgroup.official.saiyo,https://p16-sign-sg.tiktokcdn.com/tos-alisg-p-0037/oYfpAkOCJnrhEgEklTHFfEuDCVAkpIRkT9UAAB~tplv-tiktokx-origin.image?dr=14575&x-expires=1753873200&x-signature=smlXRQMFSxegGp4uzHCcch2TfOE%3D&t=4d5b0474&ps=13740610&shp=81f88b70&shcp=43f4a2f9&idc=my2,丸の内にいる営業マン🌟のオリジナル楽曲 - 丸の内にいる営業マン🌟を使用して丸の内にいる営業マン🌟が作成した💓💓💓#営業 #営業マン #不動産 #東京 #丸の内 #おすすめ #転職 #社会人 #採用 #就活 ,31,selenium-human-like-1
https://www.tiktok.com/@livgroup.official.saiyo/video/7467869692863040786,7467869692863040786,livgroup.official.saiyo,https://p16-sign-sg.tiktokcdn.com/tos-alisg-p-0037/oUeGRnAvoFuEEZ2FBAQAo3PfuM4grFIDA8UCsz~tplv-tiktokx-origin.image?dr=14575&x-expires=1753873200&x-signature=qVjMoxi2c%2FSosMH3ggX7KhXPYvk%3D&t=4d5b0474&ps=13740610&shp=81f88b70&shcp=43f4a2f9&idc=my2,丸の内にいる営業マン🌟のオリジナル楽曲 - 丸の内にいる営業マン🌟を使用して丸の内にいる営業マン🌟が作成した絶対に寒いやろシリーズ2 #営業 #丸の内OL #不動産 #26卒 #27卒 #採用 #就活 #社会人の日常 #丸の内イルミネーション #,13,selenium-human-like-1
https://www.tiktok.com/@livgroup.official.saiyo/video/7467132707777170706,7467132707777170706,livgroup.official.saiyo,https://p16-sign-sg.tiktokcdn.com/tos-alisg-p-0037/ogRCWFByAVmfFxoS0nepAmUBRAIEQAihDJKoEg~tplv-tiktokx-origin.image?dr=14575&x-expires=1753873200&x-signature=NXVngK%2FUP3LaSbzBbQv%2Bb9YMcKI%3D&t=4d5b0474&ps=13740610&shp=81f88b70&shcp=43f4a2f9&idc=my2,パペットスンスンのオリジナル楽曲 - パペットスンスンを使用して丸の内にいる営業マン🌟が作成した絶対に寒いやろシリーズ #営業 #丸の内OL #不動産 #26卒 #27卒 #採用 #就活 #KITTE ,21,selenium-human-like-1
https://www.tiktok.com/@livgroup.official.saiyo/video/7466030136454860039,7466030136454860039,livgroup.official.saiyo,https://p16-sign-sg.tiktokcdn.com/tos-alisg-p-0037/oszAKsctuBGElAiIxAuIAt2AAzCswhfC5VqBik~tplv-tiktokx-origin.image?dr=14575&x-expires=1753873200&x-signature=PWjw%2FNrTYOzx%2FupkHeXgtN%2B65cU%3D&t=4d5b0474&ps=13740610&shp=81f88b70&shcp=43f4a2f9&idc=my2,ローカルカンピオーネ🗾👑のオリジナル楽曲 - ローカルカンピオーネ🗾👑を使用して丸の内にいる営業マン🌟が作成した最近のこの曲で撮りすぎじゃない？😹#おすすめ #おすすめにのりたい #fyp #会社でtiktok #社会人の日常 #丸の内ol #営業マン #丸の内 #新卒採用 #中途採用 #26卒 #就活 #就活生 #新卒 #営業女子 #リヴトラスト ,28,selenium-human-like-1
https://www.tiktok.com/@livgroup.official.saiyo/video/7465637541757095176,7465637541757095176,livgroup.official.saiyo,https://p16-sign-sg.tiktokcdn.com/tos-alisg-p-0037/oYxn1dXoAAAqARKFgEFXmRQDNfuhfc0EBECCbI~tplv-tiktokx-origin.image?dr=14575&x-expires=1753873200&x-signature=h3eHCCEgAQuC1emmsmOcNMJYl28%3D&t=4d5b0474&ps=13740610&shp=81f88b70&shcp=43f4a2f9&idc=my2,ローカルカンピオーネ🗾👑のオリジナル楽曲 - ローカルカンピオーネ🗾👑を使用して丸の内にいる営業マン🌟が作成した#おすすめ #おすすめにのりたい #fyp #会社でtiktok #社会人の日常 #スーツ男子 #営業マン #丸の内 #新卒採用 #中途採用 #26卒 #就活 #就活生 #リヴトラスト #新卒 ,40,selenium-human-like-1
https://www.tiktok.com/@livgroup.official.saiyo/video/7465280847885700370,7465280847885700370,livgroup.official.saiyo,https://p16-sign-sg.tiktokcdn.com/tos-alisg-p-0037/ocaQsACCIIaAWKMfzCEA5VBzAxGiiAxQBwyCAz~tplv-tiktokx-origin.image?dr=14575&x-expires=1753873200&x-signature=R%2F%2FZYGoGVe33%2FrQ6j3KvT9rOjCQ%3D&t=4d5b0474&ps=13740610&shp=81f88b70&shcp=43f4a2f9&idc=my2,˗ˏˋ あやかちゃんˎˊ˗のオリジナル楽曲 - ˗ˏˋ あやかちゃんˎˊ˗を使用して丸の内にいる営業マン🌟が作成した新卒トップセールスの交渉がある日のVlog✨️ 男女関係なく新卒から活躍中🙌 ✅営業に興味がある子 ✅不動産に興味がる子 ✅稼ぎたい子 ✅東京でキラキラ社会人になりたい子 ぜひ説明会に参加してみてね！  お待ちしてまーす👍 #営業 #営業女子 #丸の内OL #不動産 #26卒 #27卒 #採用 #就活 #vlog #社会人の日常 #営業女子の日常 ,436,selenium-human-like-1
https://www.tiktok.com/@livgroup.official.saiyo/video/7464512229719674119,7464512229719674119,livgroup.official.saiyo,https://p16-sign-sg.tiktokcdn.com/tos-alisg-p-0037/oYDMXlfZApQ0nFAEkkfCAWULElIBRE6gRKCAaF~tplv-tiktokx-dmt-logom:tos-alisg-i-0068/oQdElLcyABRyhKQXM0iCwMIiIAwWAyqfCABzA6.image?dr=14573&x-expires=1753873200&x-signature=z0fBlIdTBYZ8Em8PyQlvTmp%2B5h0%3D&t=4d5b0474&ps=13740610&shp=81f88b70&shcp=43f4a2f9&idc=my2,Yumchaのオリジナル楽曲 - Yumchaを使用して丸の内にいる営業マン🌟が作成した今月めちゃめちゃ売ってるのに振りを覚えるのは苦手な新卒女子😂 #営業 #営業女子 #丸の内OL #丸の内イルミネーション #不動産 #26卒 #27卒 #採用 #就活 ,35,selenium-human-like-1
https://www.tiktok.com/@livgroup.official.saiyo/video/7462672012683578642,7462672012683578642,livgroup.official.saiyo,https://p16-sign-sg.tiktokcdn.com/tos-alisg-p-0037/oYvAoBZ5lYArKiMAOi8zChwExEQAPBCRwAZTI~tplv-tiktokx-origin.image?dr=14575&x-expires=1753873200&x-signature=zfaS1ncpELIgTEsSiGcH8XtmQ9g%3D&t=4d5b0474&ps=13740610&shp=81f88b70&shcp=43f4a2f9&idc=my2,丸の内にいる営業マン🌟のオリジナル楽曲 - 丸の内にいる営業マン🌟を使用して丸の内にいる営業マン🌟が作成した営業男子の撮影裏側👔📸✨#おすすめ #おすすめにのりたい #fyp #会社でtiktok #社会人の日常 #丸の内 #営業マン #スーツ男子 #新卒採用 #中途採用 #26卒 #就活 #就活生 #リヴトラスト ,46,selenium-human-like-1
https://www.tiktok.com/@livgroup.official.saiyo/video/7460842903825354002,7460842903825354002,livgroup.official.saiyo,https://p16-sign-sg.tiktokcdn.com/tos-alisg-p-0037/o0joJLKlEAGPCi9BAYFEcAAiAgZ4L9I9pRvAB~tplv-tiktokx-origin.image?dr=14575&x-expires=1753873200&x-signature=VKHP0iE%2Fy1iNj08ZHtV4JIR44Io%3D&t=4d5b0474&ps=13740610&shp=81f88b70&shcp=43f4a2f9&idc=my2,丸の内にいる営業マン🌟のオリジナル楽曲 - 丸の内にいる営業マン🌟を使用して丸の内にいる営業マン🌟が作成した中途社員も大活躍中‼️ #営業 #不動産 #丸の内 #新卒採用 #中途採用 #就活 #26卒 #27卒 ,32,selenium-human-like-1
https://www.tiktok.com/@livgroup.official.saiyo/video/7459727085968329992,7459727085968329992,livgroup.official.saiyo,https://p16-sign-sg.tiktokcdn.com/tos-alisg-p-0037/o0knBGYNEMkFBORAigrQhSSeRWEhDBGsEfvQ1U~tplv-tiktokx-origin.image?dr=14575&x-expires=1753873200&x-signature=AaZua7mB%2F4pE515qSENNt0JEJG0%3D&t=4d5b0474&ps=13740610&shp=81f88b70&shcp=43f4a2f9&idc=my2,丸の内にいる営業マン🌟のオリジナル楽曲 - 丸の内にいる営業マン🌟を使用して丸の内にいる営業マン🌟が作成した上手に撮れたよ〜❗️📸#おすすめ #おすすめにのりたい #fyp #会社でtiktok #社会人の日常 #丸の内ol #丸の内 #新卒採用 #中途採用 #26卒 #就活 #就活生 #リヴトラスト #営業マン #スーツ男子 ,35,selenium-human-like-1
https://www.tiktok.com/@livgroup.official.saiyo/video/7458195298666515730,7458195298666515730,livgroup.official.saiyo,https://p16-sign-sg.tiktokcdn.com/tos-alisg-p-0037/oAMAIYIRBi0w1AAlgDZIv9SVC4EABiOEtZABA~tplv-tiktokx-dmt-logom:tos-alisg-i-0068/okkNUDgjQAUhGMAE0BqEerUAOIERgAFjnBCHqf.image?dr=14573&x-expires=1753873200&x-signature=rB7L2LJtiYLUBznMqcft%2BoOtyvw%3D&t=4d5b0474&ps=13740610&shp=81f88b70&shcp=43f4a2f9&idc=my2,sのオリジナル楽曲 - ❤︎を使用して丸の内にいる営業マン🌟が作成した丸の内で働くとモチベ上がるよ⤴️#丸の内 #営業女子 #東京 #新卒採用 #26卒 #26卒と繋がりたい #社会人の日常 #就活 #おすすめにのりたい ,70,selenium-human-like-1
https://www.tiktok.com/@livgroup.official.saiyo/video/7457868587127033095,7457868587127033095,livgroup.official.saiyo,https://p16-sign-sg.tiktokcdn.com/tos-alisg-p-0037/os7Agpf91S6QqALMBMmgyfrAAfiAAgeHPfVGIE~tplv-tiktokx-origin.image?dr=14575&x-expires=1753873200&x-signature=2b%2FY5ei8YoBVLHoJ6wu7LWLM2UE%3D&t=4d5b0474&ps=13740610&shp=81f88b70&shcp=43f4a2f9&idc=my2,丸の内にいる営業マン🌟のオリジナル楽曲 - 丸の内にいる営業マン🌟を使用して丸の内にいる営業マン🌟が作成した仲良しな同期です😼💭✨#丸の内ol #おすすめ #おすすめにのりたい #fyp #会社でtiktok #社会人の日常 #丸の内 #新卒採用 #中途採用 #26卒 #就活 #就活生 #リヴトラスト #営業女子 ,32,selenium-human-like-1
https://www.tiktok.com/@livgroup.official.saiyo/video/7457783096239197458,7457783096239197458,livgroup.official.saiyo,https://p16-sign-sg.tiktokcdn.com/tos-alisg-p-0037/ocAWAeotGGDdLAGR3fIXrxIjfJQQteYAPtGpxA~tplv-tiktokx-origin.image?dr=14575&x-expires=1753873200&x-signature=B3hJ%2BXeBnLQtpZA%2BI0E3djsMpm4%3D&t=4d5b0474&ps=13740610&shp=81f88b70&shcp=43f4a2f9&idc=my2,SOUND BANK（サウンドバンク）のかわいい ほのぼの 子供 ペット 運動会を使用して丸の内にいる営業マン🌟が作成した年末に向けて大掃除をしました🧹✨️ 最後のポーズは何を真似してるでしょうか😏 #営業 #不動産 #丸の内 #新卒採用 #中途採用 #就活 #26卒 #27卒 #東京 #大掃除 #掃除 ,29,selenium-human-like-1
https://www.tiktok.com/@livgroup.official.saiyo/video/7457487180311612690,7457487180311612690,livgroup.official.saiyo,https://p16-sign-sg.tiktokcdn.com/tos-alisg-p-0037/ogENAUWfcFDAMIlAIOED9RfaQAjRAEWjDoeYJj~tplv-tiktokx-dmt-logom:tos-alisg-i-0068/osevIHA8QIz2fOAGKRdR5GFJfgU0QNAeAACLHG.image?dr=14573&x-expires=1753873200&x-signature=W6zlLWs0fBVKqJ8WnA6S977TrTs%3D&t=4d5b0474&ps=13740610&shp=81f88b70&shcp=43f4a2f9&idc=my2,丸の内にいる営業マン🌟のオリジナル楽曲 - 丸の内にいる営業マン🌟を使用して丸の内にいる営業マン🌟が作成した大山が現れた...ッ！！！ #営業 #不動産 #丸の内 #新卒採用 #中途採用 #就活 #26卒 #27卒 #イルミネーション ,21,selenium-human-like-1
https://www.tiktok.com/@livgroup.official.saiyo/video/7456754406080417031,7456754406080417031,livgroup.official.saiyo,https://p16-sign-sg.tiktokcdn.com/tos-alisg-p-0037/o4AA7FPiaeCqDtNAjfXE7KIuAoEODBAIeOX6EA~tplv-tiktokx-origin.image?dr=14575&x-expires=1753873200&x-signature=qFG1cFg2%2BW2WT%2FjcprjI1xF2VZk%3D&t=4d5b0474&ps=13740610&shp=81f88b70&shcp=43f4a2f9&idc=my2,丸の内にいる営業マン🌟のオリジナル楽曲 - 丸の内にいる営業マン🌟を使用して丸の内にいる営業マン🌟が作成した2025年仕事始め〜！ 年末年始は皆さんどうお過ごしでしたか〜？💭🙋‍♀️ #営業 #不動産 #丸の内 #新卒採用 #中途採用 #就活 #26卒 #東京 #イルミネーション #採用 ,39,selenium-human-like-1
https://www.tiktok.com/@livgroup.official.saiyo/video/7452661636210429192,7452661636210429192,livgroup.official.saiyo,https://p16-sign-sg.tiktokcdn.com/tos-alisg-p-0037/o8ECnfptkwuIBgAIAP1iAlBKLAtiErzszrYCAB~tplv-tiktokx-origin.image?dr=14575&x-expires=1753873200&x-signature=CU5x8U32I9P0SazHajFOhcWeNYA%3D&t=4d5b0474&ps=13740610&shp=81f88b70&shcp=43f4a2f9&idc=my2,Yumchaのオリジナル楽曲 - Yumchaを使用して丸の内にいる営業マン🌟が作成した新卒3人組です👔✨#おすすめ #おすすめにのりたい #fyp #会社でtiktok #社会人の日常 #営業マン #丸の内 #新卒採用 #中途採用 #26卒 #就活 #就活生 #リヴトラスト #スーツ男子 ,55,selenium-human-like-1
https://www.tiktok.com/@livgroup.official.saiyo/video/7452288817370811666,7452288817370811666,livgroup.official.saiyo,https://p16-sign-sg.tiktokcdn.com/tos-alisg-p-0037/oETME3iNAiUZYc2rBABAIya1RPng2CBEAeiBfQ~tplv-tiktokx-origin.image?dr=14575&x-expires=1753873200&x-signature=V0eAEz5JjA6tQrTr9BuSX7MqRkY%3D&t=4d5b0474&ps=13740610&shp=81f88b70&shcp=43f4a2f9&idc=my2,presleyのoriginal soundを使用して丸の内にいる営業マン🌟が作成した毎年恒例🎄♥️💫社長が大量のケンタッキーを買ってきてくれました☺️🍗✨#クリスマス #クリスマスパーティー #クリパ #おすすめ #おすすめにのりたい #fyp #会社でtiktok #社会人の日常 #営業マン #丸の内 #丸の内OL #新卒採用 #中途採用 #26卒 #就活 #就活生 #リヴトラスト #スーツ男子 #ケンタッキー #KFC ,53,selenium-human-like-1
https://www.tiktok.com/@livgroup.official.saiyo/video/7451914635558571272,7451914635558571272,livgroup.official.saiyo,https://p16-sign-sg.tiktokcdn.com/tos-alisg-p-0037/oovAyiEIBAAqig49YqEOBZYhVxA2EIAlbBwqM~tplv-tiktokx-origin.image?dr=14575&x-expires=1753873200&x-signature=V2wqVhLigQZPEqYcZwPsSIQv%2B78%3D&t=4d5b0474&ps=13740610&shp=81f88b70&shcp=43f4a2f9&idc=my2,丸の内にいる営業マン🌟のオリジナル楽曲 - 丸の内にいる営業マン🌟を使用して丸の内にいる営業マン🌟が作成したクリスマスイブ🎄♥️みなさんはどうやって過ごしますか？☺️💭#クリスマスイブ #丸の内OL#丸の内OL #おすすめにのりたい #fyp #会社でtiktok #社会人の日常 #営業マン #丸の内 #新卒採用 #中途採用 #26卒 #就活 #就活生 #リヴトラスト #丸の内イルミネーション ,28,selenium-human-like-1
https://www.tiktok.com/@livgroup.official.saiyo/video/7451914387004083474,7451914387004083474,livgroup.official.saiyo,https://p16-sign-sg.tiktokcdn.com/tos-alisg-p-0037/oIeIgIaIap1hBPnaVFomEwE8qDqKf2A1RABSJU~tplv-tiktokx-origin.image?dr=14575&x-expires=1753873200&x-signature=Cs7833R3XJKSo5Tn2mZlxBTVYsU%3D&t=4d5b0474&ps=13740610&shp=81f88b70&shcp=43f4a2f9&idc=my2,丸の内にいる営業マン🌟のオリジナル楽曲 - 丸の内にいる営業マン🌟を使用して丸の内にいる営業マン🌟が作成した寒すぎて撮影者の手が震えてるの😂 #営業 #不動産 #丸の内 #新卒採用 #中途採用 #就活 #26卒 #東京 #イルミネーション #クリスマス ,24,selenium-human-like-1
https://www.tiktok.com/@livgroup.official.saiyo/video/7451890761856978184,7451890761856978184,livgroup.official.saiyo,https://p16-sign-sg.tiktokcdn.com/tos-alisg-p-0037/oQ9CqpY5IIEO0vk2cYZiBqBVzNiNAF25KkbAv~tplv-tiktokx-dmt-logom:tos-alisg-i-0068/oYUCaSJABmADtQfDAAARzwf8EZBFqbEngEBIuD.image?dr=14573&x-expires=1753873200&x-signature=A%2Bd84q%2BRuD9A8HJfFYi%2B9TF8e3k%3D&t=4d5b0474&ps=13740610&shp=81f88b70&shcp=43f4a2f9&idc=my2,ローカルカンピオーネ🗾👑のオリジナル楽曲 - ローカルカンピオーネ🗾👑を使用して丸の内にいる営業マン🌟が作成したメリークリスマスイヴ🎄🎅✨ 丸の内のイルミネーション綺麗なので大人デートにオススメです💓 #営業 #不動産 #丸の内 #新卒採用 #中途採用 #就活 #26卒 #採用 #東京 #イルミネーション #クリスマス ,22,selenium-human-like-1
https://www.tiktok.com/@livgroup.official.saiyo/video/7451568352239144200,7451568352239144200,livgroup.official.saiyo,https://p16-sign-sg.tiktokcdn.com/tos-alisg-p-0037/o8UBR2ufLS7nFBA7QnfmRk9DgE4EcnH5cba8QP~tplv-tiktokx-origin.image?dr=14575&x-expires=1753873200&x-signature=bYmZ3ZJfk%2BFdtE%2FOO2Cdw%2B7qdpE%3D&t=4d5b0474&ps=13740610&shp=81f88b70&shcp=43f4a2f9&idc=my2,ペットダンスpetdanceのオリジナル楽曲 - ペットダンスpetdanceを使用して丸の内にいる営業マン🌟が作成した会社のお菓子ボックスが補充されてると嬉しい🥴 #営業 #不動産 #丸の内 #新卒採用 #中途採用 #就活 #26卒 #採用 ,33,selenium-human-like-1
https://www.tiktok.com/@livgroup.official.saiyo/video/7450460873367358728,7450460873367358728,livgroup.official.saiyo,https://p16-sign-sg.tiktokcdn.com/tos-alisg-p-0037/o0VBXfNftlOnFBAzIprcRWsDgEoEUnCVhZZ3Ix~tplv-tiktokx-origin.image?dr=14575&x-expires=1753873200&x-signature=1FNc24Uj3eYIIHod6gHmGxv%2BaLg%3D&t=4d5b0474&ps=13740610&shp=81f88b70&shcp=43f4a2f9&idc=my2,丸の内にいる営業マン🌟のオリジナル楽曲 - 丸の内にいる営業マン🌟を使用して丸の内にいる営業マン🌟が作成した天使かな…？👼💓 #営業 #不動産 #丸の内 #新卒採用 #中途採用 #26卒 #就活 ,30,selenium-human-like-1
https://www.tiktok.com/@livgroup.official.saiyo/video/7450433653810728200,7450433653810728200,livgroup.official.saiyo,https://p16-sign-sg.tiktokcdn.com/tos-alisg-p-0037/o4YbPOHYgI427IGDoBOIVGeCygeOgKCeAAgL2j~tplv-tiktokx-dmt-logom:tos-alisg-i-0068/ok9HIQ24zDAfgwAPAUFtBRnADEDguCmZQ9f4KE.image?dr=14573&x-expires=1753873200&x-signature=SXI73uSD4z5Aqc%2B2E%2FkZIClDIPs%3D&t=4d5b0474&ps=13740610&shp=81f88b70&shcp=43f4a2f9&idc=my2,ローカルカンピオーネ🗾👑のオリジナル楽曲 - ローカルカンピオーネ🗾👑を使用して丸の内にいる営業マン🌟が作成した新卒が単独で決めてくると嬉しいし負けてらんないなー！って思う🔥 #営業 #不動産 #新卒採用 #中途採用 #26卒 #就活 #丸の内 #東京 ,34,selenium-human-like-1
https://www.tiktok.com/@livgroup.official.saiyo/video/7450390509828279570,7450390509828279570,livgroup.official.saiyo,https://p16-sign-sg.tiktokcdn.com/tos-alisg-p-0037/o4BHElZBiytG2tAmAAFAUCAEbqavB2iSlYIrO~tplv-tiktokx-dmt-logom:tos-alisg-i-0068/osCQAGyZsFBAVERAEnEDerfFIAWrgqgLBUl1jR.image?dr=14573&x-expires=1753873200&x-signature=yiwL4EswDsRhy6u3E%2BZt532dMUc%3D&t=4d5b0474&ps=13740610&shp=81f88b70&shcp=43f4a2f9&idc=my2,ꨄ∿♬のoriginal soundを使用して丸の内にいる営業マン🌟が作成したサンタさん、プレゼントどこですか？🎁🩷#丸の内 #東京 #営業女子 #新卒採用 #26卒 #26卒と繋がりたい #社会人の日常 #就活 #おすすめにのりたい ,69,selenium-human-like-1
https://www.tiktok.com/@livgroup.official.saiyo/video/7450058186125528338,7450058186125528338,livgroup.official.saiyo,https://p16-sign-sg.tiktokcdn.com/tos-alisg-p-0037/owbAZc72AcxIe0oOjroEDexqHEIAEAFjABAxfD~tplv-tiktokx-origin.image?dr=14575&x-expires=1753873200&x-signature=7P9cLkE1hT5697jx5kpctoSyj0Q%3D&t=4d5b0474&ps=13740610&shp=81f88b70&shcp=43f4a2f9&idc=my2,ディエゴミュージック洋楽のオリジナル楽曲 - 🎧 ディエゴ｜洋楽和訳 🎧を使用して丸の内にいる営業マン🌟が作成した#おすすめ #おすすめにのりたい #fyp #会社でtiktok #社会人の日常 #営業マン #丸の内 #新卒採用 #中途採用 #26卒 #就活 #就活生 #リヴトラスト #スーツ男子 ,22,selenium-human-like-1
https://www.tiktok.com/@livgroup.official.saiyo/video/7449702967806135570,7449702967806135570,livgroup.official.saiyo,https://p16-sign-sg.tiktokcdn.com/tos-alisg-p-0037/ogGHfABsXqdAWiInzQuLSBqCwIdiAaoIpvzViM~tplv-tiktokx-dmt-logom:tos-alisg-i-0068/oABKspilEAZqBiyBAYTECAGiALZ2khIpRWPAB.image?dr=14573&x-expires=1753873200&x-signature=Nde0Y%2FyBr4TYfcSoowQrQCps1Bs%3D&t=4d5b0474&ps=13740610&shp=81f88b70&shcp=43f4a2f9&idc=my2,丸の内にいる営業マン🌟のオリジナル楽曲 - 丸の内にいる営業マン🌟を使用して丸の内にいる営業マン🌟が作成した丸の内仲通りの朝‪🔆‬ #営業 #不動産 #26卒 #新卒 #中途 #採用 #就活 #丸の内 #イルミネーション ,25,selenium-human-like-1
https://www.tiktok.com/@livgroup.official.saiyo/video/7449655159577136392,7449655159577136392,livgroup.official.saiyo,https://p16-sign-sg.tiktokcdn.com/tos-alisg-p-0037/o0PkoLGvjID7lgVjJJIgspCAeGmAeqnJxOeUwW~tplv-tiktokx-origin.image?dr=14575&x-expires=1753873200&x-signature=UelDJWGvHSy1gVQu485o%2BMO2L5U%3D&t=4d5b0474&ps=13740610&shp=81f88b70&shcp=43f4a2f9&idc=my2,丸の内にいる営業マン🌟のオリジナル楽曲 - 丸の内にいる営業マン🌟を使用して丸の内にいる営業マン🌟が作成したオフィス周辺で撮影してみました📸✨ #営業 #不動産 #26卒 #新卒 #中途 #転職 #採用 #丸の内 ,84,selenium-human-like-1
https://www.tiktok.com/@livgroup.official.saiyo/video/7448898922715614472,7448898922715614472,livgroup.official.saiyo,https://p16-sign-sg.tiktokcdn.com/tos-alisg-p-0037/o4PnCt4HAAAgARzrgIFaXzUDgf5w9i8EBECCfQ~tplv-tiktokx-dmt-logom:tos-alisg-i-0068/o8fOcyjCIrDvmfBE8zFwfIAhDcAcQAEv5bAoMA.image?dr=14573&x-expires=1753873200&x-signature=hsDnc3V11oeVhvbKces6hAJnP5A%3D&t=4d5b0474&ps=13740610&shp=81f88b70&shcp=43f4a2f9&idc=my2,Seyloveのwonderful day sped up TWICEを使用して丸の内にいる営業マン🌟が作成した今年のクリスマスはバリバリ働きます👠✨ #営業マン #リヴトラスト #丸の内 #東京 #営業 #新卒採用 #26卒 #26卒と繋がりたい #社会人の日常 #就活 #会社でtiktok ,79,selenium-human-like-1
https://www.tiktok.com/@livgroup.official.saiyo/video/7447854526964485383,7447854526964485383,livgroup.official.saiyo,https://p16-sign-sg.tiktokcdn.com/tos-alisg-p-0037/okggkAQBnCG6nytiiAABgAEWEBDcfX1gYRIDBe~tplv-tiktokx-origin.image?dr=14575&x-expires=1753873200&x-signature=G4Wn4TK%2BmB9JKFJCBF7D11MITbk%3D&t=4d5b0474&ps=13740610&shp=81f88b70&shcp=43f4a2f9&idc=my2,丸の内にいる営業マン🌟のオリジナル楽曲 - 丸の内にいる営業マン🌟を使用して丸の内にいる営業マン🌟が作成した🗼【丸の内のオフィスからお届け！】🌃✨ 今日はオフィス周辺をご紹介します👀 オフィスを出て5分で、丸の内イルミネーションがある環境で働いています🎄♥️ . ー 「丸の内で働くって、どんな感じ？」 ー . そんな疑問をお持ちの就活生の皆さん！！ ぜひ丸の内で感じられる特別な雰囲気をチェックしてみてください！👀 #丸の内 #オフィス紹介 #クリスマスシーズン #イルミネーション #丸の内イルミネーション #丸の内OL #丸の内 #丸の内OL #就活 #採用 #採用担当 #採用情報 #就活 #就活生 #新卒 #中途採用 #転職 #就職活動  #会社説明会 #転職 #営業マン #営業職 #不動産 #不動産投資  #いいね返し #就活生と繋がりたい #転職活動中の人と繋がりたい #26卒 #26卒と繋がりたい #リヴトラスト ,29,selenium-human-like-1
https://www.tiktok.com/@livgroup.official.saiyo/video/7447845682964139282,7447845682964139282,livgroup.official.saiyo,https://p16-sign-sg.tiktokcdn.com/tos-alisg-p-0037/oME8cvAEYwJIB0MKkAWi8iwDTKBZW1ALBAQAE~tplv-tiktokx-origin.image?dr=14575&x-expires=1753873200&x-signature=VU3kcSYFe%2BuTyQuNtkV43DcstuI%3D&t=4d5b0474&ps=13740610&shp=81f88b70&shcp=43f4a2f9&idc=my2,丸の内にいる営業マン🌟のオリジナル楽曲 - 丸の内にいる営業マン🌟を使用して丸の内にいる営業マン🌟が作成したなんかちっちゃいし楽しそう🥺🎶笑 #おすすめ #おすすめにのりたい #fyp #会社でtiktok #社会人の日常 #丸の内  #kitte #丸の内OL#丸の内OL #営業女子 #新卒採用 #中途採用 #26卒 #就活 #就活生 #リヴトラスト ,24,selenium-human-like-1
https://www.tiktok.com/@livgroup.official.saiyo/video/7446368505114397959,7446368505114397959,livgroup.official.saiyo,https://p16-sign-sg.tiktokcdn.com/tos-alisg-p-0037/ogZ0MFfyO9DtgVIWCuLIA3GzIrAjvB8QQfeXoZ~tplv-tiktokx-origin.image?dr=14575&x-expires=1753873200&x-signature=78M%2FkPWLb2eCuhDH%2BDi79nTRwaY%3D&t=4d5b0474&ps=13740610&shp=81f88b70&shcp=43f4a2f9&idc=my2,丸の内にいる営業マン🌟のオリジナル楽曲 - 丸の内にいる営業マン🌟を使用して丸の内にいる営業マン🌟が作成した2人映る気ある･･･？😹 #おすすめ #おすすめにのりたい #fyp #会社でtiktok #社会人の日常 #スーツ男子 #丸の内 #営業マン #新卒採用 #中途採用 #26卒 #就活 #就活生 #リヴトラスト ,26,selenium-human-like-1
https://www.tiktok.com/@livgroup.official.saiyo/video/7445234196060081415,7445234196060081415,livgroup.official.saiyo,https://p16-sign-sg.tiktokcdn.com/tos-alisg-p-0037/okAilDzEACBE1BxHiAyGJZSXBJIYmREPAALkz~tplv-tiktokx-origin.image?dr=14575&x-expires=1753873200&x-signature=%2B1O6Jg3rsGsJ1yWoIUmz0ixOoto%3D&t=4d5b0474&ps=13740610&shp=81f88b70&shcp=43f4a2f9&idc=my2,丸の内にいる営業マン🌟のオリジナル楽曲 - 丸の内にいる営業マン🌟を使用して丸の内にいる営業マン🌟が作成した新卒・中途社員募集中✨✨#おすすめ #丸の内OL #おすすめにのりたい #fyp #会社でtiktok #社会人の日常 #丸の内 #営業マン #新卒採用 #中途採用 #25卒 #26卒 #就活 #就活生 #リヴトラスト #アップルティー ,46,selenium-human-like-1
https://www.tiktok.com/@livgroup.official.saiyo/video/7444872280905223431,7444872280905223431,livgroup.official.saiyo,https://p16-sign-sg.tiktokcdn.com/tos-alisg-p-0037/osfp8AebgigHgfMliNAmgILID2mRB6FeGnMfKp~tplv-tiktokx-origin.image?dr=14575&x-expires=1753873200&x-signature=eyj1uBjHfLodgpHIYMZAKy1h46E%3D&t=4d5b0474&ps=13740610&shp=81f88b70&shcp=43f4a2f9&idc=my2,POMPOMPURIN/ポムポムプリン【公式】のプリンとマフィンのポムポムビートを使用して丸の内にいる営業マン🌟が作成した#営業 #採用 #不動産 #26卒 #就活 #転職 #新卒 #中途採用 ,38,selenium-human-like-1
https://www.tiktok.com/@livgroup.official.saiyo/video/7444502438159158536,7444502438159158536,livgroup.official.saiyo,https://p16-sign-sg.tiktokcdn.com/tos-alisg-p-0037/oswIq8FgMA9jMeAQAJeQAPEoXDoWIpieOa8JAC~tplv-tiktokx-origin.image?dr=14575&x-expires=1753873200&x-signature=qw%2F95G%2Bv3YviqFwLyoKzL5fiUY4%3D&t=4d5b0474&ps=13740610&shp=81f88b70&shcp=43f4a2f9&idc=my2,丸の内にいる営業マン🌟のオリジナル楽曲 - 丸の内にいる営業マン🌟を使用して丸の内にいる営業マン🌟が作成した俺らのやり方で👍🏻 #KAMASE #おすすめ #おすすめにのりたい #fyp #会社でtiktok #社会人の日常 #丸の内 #営業マン #新卒採用 #中途採用 #25卒 #26卒 #就活 #就活生 #リヴトラスト #スーツ男子 #銀太 ,41,selenium-human-like-1
https://www.tiktok.com/@livgroup.official.saiyo/video/7444141278977117458,7444141278977117458,livgroup.official.saiyo,https://p16-sign-sg.tiktokcdn.com/tos-alisg-p-0037/osBAm7b4IEEByvgJGYZiBOBlw4iMAA0lDA5An~tplv-tiktokx-origin.image?dr=14575&x-expires=1753873200&x-signature=pa%2FaAkEamXH6QdwL2Fil89U7w4o%3D&t=4d5b0474&ps=13740610&shp=81f88b70&shcp=43f4a2f9&idc=my2,丸の内にいる営業マン🌟のオリジナル楽曲 - 丸の内にいる営業マン🌟を使用して丸の内にいる営業マン🌟が作成した仲良しこよしで🤝🏻💛#b小町 #推しの子 #popin2 #丸の内ol #おすすめ #おすすめにのりたい #fyp #会社でtiktok #社会人の日常 #丸の内 #営業女子 #オフィスカジュアル #オフィスコーデ #新卒採用 #中途採用 #25卒 #26卒 #就活 #就活生 #リヴトラスト ,42,selenium-human-like-1
https://www.tiktok.com/@livgroup.official.saiyo/video/7443770699832970504,7443770699832970504,livgroup.official.saiyo,https://p16-sign-sg.tiktokcdn.com/tos-alisg-p-0037/oEszOiBpICAWhIACbNiElsBAlATwg0ABpzf2uB~tplv-tiktokx-origin.image?dr=14575&x-expires=1753873200&x-signature=RyEjvlKK8ie9mPb9NYOV7syUk%2F8%3D&t=4d5b0474&ps=13740610&shp=81f88b70&shcp=43f4a2f9&idc=my2,丸の内にいる営業マン🌟のオリジナル楽曲 - 丸の内にいる営業マン🌟を使用して丸の内にいる営業マン🌟が作成したまぶしい😫✨💖 #丸の内ol #おすすめにのりたい #おすすめ #fyp #会社でtiktok #社会人の日常 #丸の内 #営業マン #営業女子 #オフィスカジュアル #オフィスコーデ #新卒採用 #中途採用 #25卒 #26卒 #就活 #就活生 #リヴトラスト ,37,selenium-human-like-1
https://www.tiktok.com/@livgroup.official.saiyo/video/7441895680324488466,7441895680324488466,livgroup.official.saiyo,https://p16-sign-sg.tiktokcdn.com/tos-alisg-p-0037/oUIZG07uivsibiBIAytHAEBBqYRUCgqgELJjV~tplv-tiktokx-origin.image?dr=14575&x-expires=1753873200&x-signature=F2XgsdWFs1424flGILNjcgM30Fs%3D&t=4d5b0474&ps=13740610&shp=81f88b70&shcp=43f4a2f9&idc=my2,丸の内にいる営業マン🌟のオリジナル楽曲 - 丸の内にいる営業マン🌟を使用して丸の内にいる営業マン🌟が作成したわんぱく娘と癒し系女子で踊ってみた🕺🏻🎶💕#丸の内ol #shimokita #おすすめにのりたい #おすすめ #fyp #会社でtiktok #社会人の日常 #丸の内 #営業マン #営業女子 #オフィスカジュアル #オフィスコーデ #新卒採用 #中途採用 #25卒 #26卒 #就活 #就活生 #リヴトラスト ,32,selenium-human-like-1
https://www.tiktok.com/@livgroup.official.saiyo/video/7441524873282718994,7441524873282718994,livgroup.official.saiyo,https://p16-sign-sg.tiktokcdn.com/tos-alisg-p-0037/oEQQjHB9IiAxIWAoSDiqwmCkAzsvfIjFzE35wX~tplv-tiktokx-dmt-logom:tos-alisg-i-0068/oYGE3kJElAZiAABWdNBk5Az8TYmBFP0iAAI0b.image?dr=14573&x-expires=1753873200&x-signature=E%2FcSe5T7EvmyvzLFHP3ATfZe8kg%3D&t=4d5b0474&ps=13740610&shp=81f88b70&shcp=43f4a2f9&idc=my2,丸の内にいる営業マン🌟のオリジナル楽曲 - 丸の内にいる営業マン🌟を使用して丸の内にいる営業マン🌟が作成した中途社員初出演🕺🏻‼️✨#おすすめにのりたい #fyp #おすすめ #会社でtiktok #社会人の日常 #丸の内 #営業マン #スーツ男子 #新卒採用 #中途採用 #25卒 #26卒 #就活 #就活生 #リヴトラスト ,58,selenium-human-like-1
https://www.tiktok.com/@livgroup.official.saiyo/video/7439692595606932753,7439692595606932753,livgroup.official.saiyo,https://p16-sign-sg.tiktokcdn.com/tos-alisg-p-0037/osGmsFkEEQhQgyP0xffi4JLARws9nDUwBDwQBP~tplv-tiktokx-origin.image?dr=14575&x-expires=1753873200&x-signature=rco9%2BP6Sbdd3r74koTAOgXzNzjY%3D&t=4d5b0474&ps=13740610&shp=81f88b70&shcp=43f4a2f9&idc=my2,ローカルカンピオーネ🗾👑のオリジナル楽曲 - ローカルカンピオーネ🗾👑を使用して丸の内にいる営業マン🌟が作成した冬が本格化してきた…😖🍃 #営業 #採用 #不動産 #26卒 #就活 #転職 #新卒 #中途採用 ,46,selenium-human-like-1
https://www.tiktok.com/@livgroup.official.saiyo/video/7439651764141362439,7439651764141362439,livgroup.official.saiyo,https://p16-sign-sg.tiktokcdn.com/tos-alisg-p-0037/oIgi9L5S8KoEMOGkgeBXegJAIp53IenHrReAMe~tplv-tiktokx-origin.image?dr=14575&x-expires=1753873200&x-signature=lJBBchJcN4v0ox4tqHNE%2BesW31k%3D&t=4d5b0474&ps=13740610&shp=81f88b70&shcp=43f4a2f9&idc=my2,こっちのけんとのはいよろこんでを使用して丸の内にいる営業マン🌟が作成した🏢リヴトラスト 【スポンサー】 🏀アルバルク東京 🥊シュートボクシング ⛳️C'Grande お客様と一緒にᕷ*.° #アルバルク東京 #シュートボクシング #cgrande #バスケ #ボクシング #格闘技 #ゴルフ #リヴトラスト #リヴグループ #スポンサー #採用 #26卒 ,24,selenium-human-like-1
https://www.tiktok.com/@livgroup.official.saiyo/video/7439298941184642322,7439298941184642322,livgroup.official.saiyo,https://p77-sign-sg.tiktokcdn.com/tos-alisg-p-0037/osQnWuESuAeuFRYzgQF4PsUDDf5EcwbEBEBI9Q~tplv-tiktokx-origin.image?dr=14575&x-expires=1753873200&x-signature=OTOw25O5skjbfem4ZBfqA3eHPik%3D&t=4d5b0474&ps=13740610&shp=81f88b70&shcp=43f4a2f9&idc=my2,丸の内にいる営業マン🌟のオリジナル楽曲 - 丸の内にいる営業マン🌟を使用して丸の内にいる営業マン🌟が作成した#すないぱー #ユイカ #丸の内ol #おすすめにのりたい #おすすめ #fyp #会社でtiktok #社会人の日常 #丸の内 #営業マン #営業女子 #オフィスコーデ #オフィスカジュアル #新卒採用 #中途採用 #25卒 #26卒 #就活 #就活生 #リヴトラスト ,24,selenium-human-like-1
https://www.tiktok.com/@livgroup.official.saiyo/video/7438578601575943431,7438578601575943431,livgroup.official.saiyo,https://p16-sign-sg.tiktokcdn.com/tos-alisg-p-0037/ooADFeU2EPOQfC9i6ZDkzQfyodRjEVFAJHNIiS~tplv-tiktokx-origin.image?dr=14575&x-expires=1753873200&x-signature=myBhaUFPG5uLH20bE00NY%2BvUaSc%3D&t=4d5b0474&ps=13740610&shp=81f88b70&shcp=43f4a2f9&idc=my2,丸の内にいる営業マン🌟のオリジナル楽曲 - 丸の内にいる営業マン🌟を使用して丸の内にいる営業マン🌟が作成した#丸の内ol #おすすめにのりたい #おすすめ #fyp #会社でtiktok #社会人の日常 #丸の内 #営業マン #営業女子 #オフィスコーデ #オフィスカジュアル #新卒採用 #中途採用 #25卒 #26卒 #就活 #就活生 #リヴトラスト ,56,selenium-human-like-1
https://www.tiktok.com/@livgroup.official.saiyo/video/7437739156773686544,7437739156773686544,livgroup.official.saiyo,https://p16-sign-sg.tiktokcdn.com/tos-alisg-p-0037/os6ES8FOaEDAj7BAZrjgfeEgn4IKRCwBUIICKB~tplv-tiktokx-origin.image?dr=14575&x-expires=1753873200&x-signature=ba1Jtl%2FJzwx%2FhQH6S8Caik2q1d0%3D&t=4d5b0474&ps=13740610&shp=81f88b70&shcp=43f4a2f9&idc=my2,乃愛のオリジナル楽曲 - 乃愛🍒を使用して丸の内にいる営業マン🌟が作成したここどこかわかる人いる？ #営業 #採用 #会社紹介 #社員紹介 #企業 ,49,selenium-human-like-1
https://www.tiktok.com/@livgroup.official.saiyo/video/7437472039956401415,7437472039956401415,livgroup.official.saiyo,https://p16-sign-sg.tiktokcdn.com/tos-alisg-p-0037/owtEBN6UsQAzI6ok19aQufEeMgEtuBDBnQHRLF~tplv-tiktokx-origin.image?dr=14575&x-expires=1753873200&x-signature=UND2ykZnxshpZT7ubH45jMttyNg%3D&t=4d5b0474&ps=13740610&shp=81f88b70&shcp=43f4a2f9&idc=my2,丸の内にいる営業マン🌟のオリジナル楽曲 - 丸の内にいる営業マン🌟を使用して丸の内にいる営業マン🌟が作成した先輩がみんなかわいすぎる･･･😿💕💕 #フルーツバスケット #フルーツジッパー #おすすめ #おすすめにのりたい #fyp #丸の内ol #会社でtiktok #社会人の日常 #営業マン #営業女子 #オフィスコーデ #オフィスカジュアル #新卒採用 #中途採用 #25卒 #26卒 #就活 #就活生 #リヴトラスト ,142,selenium-human-like-1
https://www.tiktok.com/@livgroup.official.saiyo/video/7437466260947979528,7437466260947979528,livgroup.official.saiyo,https://p16-sign-sg.tiktokcdn.com/tos-alisg-p-0037/oECzgDNkQAUjzqDEzBMEm7Ax7QwRgeFVn3BzAf~tplv-tiktokx-origin.image?dr=14575&x-expires=1753873200&x-signature=kPHcha1JxTvmU%2BA7ALlm2xzWtyA%3D&t=4d5b0474&ps=13740610&shp=81f88b70&shcp=43f4a2f9&idc=my2,丸の内にいる営業マン🌟のオリジナル楽曲 - 丸の内にいる営業マン🌟を使用して丸の内にいる営業マン🌟が作成した約１名、テンポ遅すぎ😹 #スンスン #パペットスンスン #スシロー #おすすめ #おすすめにのりたい #fyp #会社でtiktok #社会人の日常 #営業マン #スーツ男子 #丸の内 #新卒採用 #中途採用 #25卒 #26卒 #就活 #就活生 #リヴトラスト ,15,selenium-human-like-1
https://www.tiktok.com/@livgroup.official.saiyo/video/7437447501524782344,7437447501524782344,livgroup.official.saiyo,https://p16-sign-sg.tiktokcdn.com/tos-alisg-p-0037/ocxRG3fQZQAHjfAfMqHU3eF4YAIbRFGMcQFG1L~tplv-tiktokx-origin.image?dr=14575&x-expires=1753873200&x-signature=8uYb6D9OugOJfShk4Aw5A5dW33c%3D&t=4d5b0474&ps=13740610&shp=81f88b70&shcp=43f4a2f9&idc=my2,zarussyのoriginal sound - zarussyを使用して丸の内にいる営業マン🌟が作成した初契がきまった新卒ちゃんとベテラン先輩🫶 🌟稼ぎたい 🌟成長したい 🌟営業スキルをつけたい 唯一無二の存在を目指して‼️ #営業 #丸の内 #東京 #営業女子 #不動産 #社会人の日常 #会社でtiktok #fyp #おすすめ #おすすめにのりたい #25卒 #26卒 #中途採用 #新卒 #就活 #インターン #就活生 #採用 ,21,selenium-human-like-1
https://www.tiktok.com/@livgroup.official.saiyo/video/7435995799093349639,7435995799093349639,livgroup.official.saiyo,https://p16-sign-sg.tiktokcdn.com/tos-alisg-p-0037/osIxICAlI9OmA9BzZioCfYTCVq4CmilwqMPsA6~tplv-tiktokx-origin.image?dr=14575&x-expires=1753873200&x-signature=L39CCt5KWuA2zhnHgH3eIPvM%2BQ0%3D&t=4d5b0474&ps=13740610&shp=81f88b70&shcp=43f4a2f9&idc=my2,タイガの振り付け🐯🕺のオリジナル楽曲 - タイガの振り付け🐯🕺を使用して丸の内にいる営業マン🌟が作成した後ろが騒がしい😂 #丸の内OL #丸の内 #東京 #東京駅 #営業女子 #営業 #ヘアカラー #社会人の日常 #会社でtiktok #fyp #おすすめ #おすすめにのりたい #25卒 #26卒 #中途採用 #新卒 #就活 #就活生 #インターン #採用 ,26,selenium-human-like-1
https://www.tiktok.com/@livgroup.official.saiyo/video/7435973347579579656,7435973347579579656,livgroup.official.saiyo,https://p16-sign-sg.tiktokcdn.com/tos-alisg-p-0037/oQiEm9azmAnjATsAi3DP0I4AqGxfIcuVC07wEB~tplv-tiktokx-origin.image?dr=14575&x-expires=1753873200&x-signature=yO0TuDNEI7w5ssXM6qb%2FgLuUU%2FU%3D&t=4d5b0474&ps=13740610&shp=81f88b70&shcp=43f4a2f9&idc=my2,Yataliban | เทพชิบะのเต้นแบบแซ่บๆを使用して丸の内にいる営業マン🌟が作成した丸の内にいる営業女子のネイル紹介💅✨️ #ネイル #ネイルデザイン #ネイル動画 #ネイルアート #ネイル紹介 #秋ネイル #おすすめにのりたい #営業女子 #丸の内ol #社会人の日常 #会社でtiktok #fyp #おすすめ #25卒 #26卒 #中途採用 #採用 #就活 #就活生 #インターン #早期選考 #面接 #リヴトラスト #リヴグループ ,72,selenium-human-like-1
https://www.tiktok.com/@livgroup.official.saiyo/video/7434866177572228370,7434866177572228370,livgroup.official.saiyo,https://p16-sign-sg.tiktokcdn.com/tos-alisg-p-0037/oMpDFCeFfIrq30BtECW2Eft848WCOIAwADOjAJ~tplv-tiktokx-origin.image?dr=14575&x-expires=1753873200&x-signature=XPkhahV%2BPmYqSWgyQ3vlQmzKDDI%3D&t=4d5b0474&ps=13740610&shp=81f88b70&shcp=43f4a2f9&idc=my2,Yataliban | เทพชิบะのเต้นแบบแซ่บๆを使用して丸の内にいる営業マン🌟が作成した丸の内OLの秋のオフィスコーデ紹介🍂👚💕 #オフィスコーデ #オフィスカジュアル #丸の内ol #おすすめにのりたい #fyp #おすすめ #営業マン #営業女子 #丸の内 #会社でtiktok #社会人の日常 #新卒採用 #25卒 #26卒 #中途採用 #採用 #採用担当 #就活 #就活生 #リヴトラスト ,622,selenium-human-like-1
https://www.tiktok.com/@livgroup.official.saiyo/video/7434437324261330184,7434437324261330184,livgroup.official.saiyo,https://p16-sign-sg.tiktokcdn.com/tos-alisg-p-0037/oQIlsvCEYxHIQ1ruVAWiEiSW7IBZqyAxBPrPb~tplv-tiktokx-origin.image?dr=14575&x-expires=1753873200&x-signature=QPx%2B0D8oWG4v7zXrYGPS0jAOHK8%3D&t=4d5b0474&ps=13740610&shp=81f88b70&shcp=43f4a2f9&idc=my2,丸の内にいる営業マン🌟のオリジナル楽曲 - 丸の内にいる営業マン🌟を使用して丸の内にいる営業マン🌟が作成した#おすすめにのりたい #fyp #おすすめ #営業マン #丸の内 #スーツ男子 #スーツ #会社でtiktok #社会人の日常 #新卒採用 #25卒 #26卒 #中途採用 #採用 #採用担当 #就活 #就活生 #転職 #中途採用 #リヴトラスト ,32,selenium-human-like-1
https://www.tiktok.com/@livgroup.official.saiyo/video/7434146414843710728,7434146414843710728,livgroup.official.saiyo,https://p77-sign-sg.tiktokcdn.com/tos-alisg-p-0037/oUBCEi2CFIZlPi4CNo4fAJyM5PxNAIwlrzIbAA~tplv-tiktokx-origin.image?dr=14575&x-expires=1753873200&x-signature=BIsHM01bbXm0bOGaur2PoIEqpU8%3D&t=4d5b0474&ps=13740610&shp=81f88b70&shcp=43f4a2f9&idc=my2,𝘀𝗰の오리지널 사운드 - 𝘀𝗰を使用して丸の内にいる営業マン🌟が作成したベテラン×新卒❤️‍🔥❤️‍🔥❤️‍🔥 リヴトラストでは稼ぎたい方を募集中‼️ ⭐️ポジティブには自信がある ⭐️目標に向かって頑張れる ⭐️とにかく同期より稼ぎたい ⭐️頑張りを正当に評価してもらいたい 当てはまる方はぜひ丸の内で一緒に働きましょう‼️💪 女性には毎月化粧品手当などもありますよ💄 まずは1度説明会にご参加ください✨️ #営業女子 #丸の内OL #会社でtiktok #社会人の日常 #26卒 #リヴトラスト #リヴグループ #オフィスカジュアル #東京駅 #営業 #JPタワー ,67,selenium-human-like-1
https://www.tiktok.com/@livgroup.official.saiyo/video/7434027339446488338,7434027339446488338,livgroup.official.saiyo,https://p16-sign-sg.tiktokcdn.com/tos-alisg-p-0037/o09FQCPeZV0cLGA8geIoGehGAIZRACJLKqqCge~tplv-tiktokx-origin.image?dr=14575&x-expires=1753873200&x-signature=GhReZewzOPqz9lA6H4kQ2MJmYjs%3D&t=4d5b0474&ps=13740610&shp=81f88b70&shcp=43f4a2f9&idc=my2,乃愛のオリジナル楽曲 - 乃愛🍒を使用して丸の内にいる営業マン🌟が作成したこの音源懐かしい🥺 #営業 #営業女子 #丸の内OL #社会人の日常 #会社でtiktok #26卒 #リヴトラスト #リヴグループ #オフィスカジュアル #東京駅 ,33,selenium-human-like-1
https://www.tiktok.com/@livgroup.official.saiyo/video/7431878666411445522,7431878666411445522,livgroup.official.saiyo,https://p16-sign-sg.tiktokcdn.com/tos-alisg-p-0037/ocMRtIEZRKS6IGUKEnZBrMgQDfAfFBDUkBBn1Q~tplv-tiktokx-origin.image?dr=14575&x-expires=1753873200&x-signature=6M1pDOSJJTasQyzn75kP3fOM%2F2E%3D&t=4d5b0474&ps=13740610&shp=81f88b70&shcp=43f4a2f9&idc=my2,丸の内にいる営業マン🌟のオリジナル楽曲 - 丸の内にいる営業マン🌟を使用して丸の内にいる営業マン🌟が作成したGAME START😽‼️💕 #apt #rose #brunomars #丸の内ol #おすすめにのりたい #おすすめ #営業女子 #営業マン #社会人の日常 #会社でtiktok #丸の内 #会社でtiktok #新卒採用 #25卒 #26卒 #中途採用 #採用 #採用担当 #就活 #就活生 #転職 #てんひやスト #リヴグループ ,36,selenium-human-like-1
https://www.tiktok.com/@livgroup.official.saiyo/video/7431562704541797640,7431562704541797640,livgroup.official.saiyo,https://p16-sign-sg.tiktokcdn.com/tos-alisg-p-0037/oMF2dYAORAfDDceDEhXGRjbCouEfQyT4IqaAQD~tplv-tiktokx-origin.image?dr=14575&x-expires=1753873200&x-signature=hw18Nnqf3N4iufSVqkl95quZx5Q%3D&t=4d5b0474&ps=13740610&shp=81f88b70&shcp=43f4a2f9&idc=my2,丸の内にいる営業マン🌟のオリジナル楽曲 - 丸の内にいる営業マン🌟を使用して丸の内にいる営業マン🌟が作成した仲良し先輩コンビです👀💓 上目遣いきゅるるんでかわちい🥺 #リヴトラスト #リヴグループ #26卒 #営業女子 #営業 #就活 #社会人の日常 #会社でtiktok #かわいいだけじゃだめですか? #フルーツジッパー #fruitszipper ,29,selenium-human-like-1
https://www.tiktok.com/@livgroup.official.saiyo/video/7431157984182422802,7431157984182422802,livgroup.official.saiyo,https://p16-sign-sg.tiktokcdn.com/tos-alisg-p-0037/o8xYODIeoDGJAbAbIYsICQMgC4LtjQAIvwzfeR~tplv-tiktokx-origin.image?dr=14575&x-expires=1753873200&x-signature=PmSuZ3rXLIYXEG0VvwBmBRwICBY%3D&t=4d5b0474&ps=13740610&shp=81f88b70&shcp=43f4a2f9&idc=my2,丸の内にいる営業マン🌟のオリジナル楽曲 - 丸の内にいる営業マン🌟を使用して丸の内にいる営業マン🌟が作成した🆕カワイイすぎる😖💞 #フルーツジッパー #fruitszipper #ふるっぱー #newkawaii #アップデートしよ#アップデートしよ#おすすめにのりたい #おすすめ #営業女子 #営業マン #社会人の日常 #丸の内 #丸の内ol #会社でtiktok #新卒採用 #25卒 #26卒 #中途採用 #採用 #採用担当 #採用情報 #就活 #就活生 #転職 #就職活動 ,53,selenium-human-like-1
https://www.tiktok.com/@livgroup.official.saiyo/video/7430765359575092488,7430765359575092488,livgroup.official.saiyo,https://p16-sign-sg.tiktokcdn.com/tos-alisg-p-0037/oAQDOPDoVjesICuzZFHDi7zAEQocf6uQOAfFjY~tplv-tiktokx-origin.image?dr=14575&x-expires=1753873200&x-signature=bXOpsUcCidhLMgwFKH0wsuTD9q0%3D&t=4d5b0474&ps=13740610&shp=81f88b70&shcp=43f4a2f9&idc=my2,MADEIN_Uの오리지널 사운드を使用して丸の内にいる営業マン🌟が作成したこの音源の足の動き、運動音痴からするとかなり難しい…よね？🤔 #リヴトラスト #リヴグループ #26卒 #営業女子 #営業 #就活 #就活生 #社会人の日常 #会社でtiktok #不動産 #かわいい #KITTE #JPタワー #丸の内 #新卒 ,32,selenium-human-like-1
https://www.tiktok.com/@livgroup.official.saiyo/video/7429662966993128711,7429662966993128711,livgroup.official.saiyo,https://p16-sign-sg.tiktokcdn.com/tos-alisg-p-0037/oEuCfqneIbAOLDA4QpyMjd2GAIoIoHFyeSNOQk~tplv-tiktokx-origin.image?dr=14575&x-expires=1753873200&x-signature=fp5jve1BI2I70rikY%2BVFbxlzVuo%3D&t=4d5b0474&ps=13740610&shp=81f88b70&shcp=43f4a2f9&idc=my2,丸の内にいる営業マン🌟のオリジナル楽曲 - 丸の内にいる営業マン🌟を使用して丸の内にいる営業マン🌟が作成した 🌟💡【営業マンインタビューシリーズ 第1弾！】🗣️💬 今回は、私たちの営業チームの中から一人、素敵な営業マンを紹介します！🚀💼 彼のモットーは「真面目」 お客様との信頼関係を大切にし、常に寄り添った提案を心がけています。 インタビューでは、不動産営業を選んだ理由や、日々の仕事で大切にしていることなど、たっぷりお話ししてもらいました！💬 彼の熱い想い、ぜひチェックしてみてください！👀🔥 今後もこのシリーズを続けていく予定ですので、お楽しみに！🎉 次回はどんな素敵な営業マンが登場するか、乞うご期待！👀💫 #リヴトラスト #営業マンインタビュー #社員インタビュー #社員紹介 #社員紹介シリーズ #おすすめにのりたい #おすすめ #丸の内 #スーツ男子 #新卒採用 #中途採用 # #採用 #採用担当 #採用情報 #就活 #就活生 #就活生応援 #新卒 #中途採用 #転職 #就職活動 #新卒採用 #26卒と繋がりたい #会社 #会社説明会 #転職 #営業マン #営業職 #不動産 #不動産投資 #いいね返し #転職活動中の人と繋がりたい #25卒 #25卒と繋がりたい #26卒 #26卒と繋がりたい #リヴグループ,17,selenium-human-like-1
https://www.tiktok.com/@livgroup.official.saiyo/video/7428920917901741320,7428920917901741320,livgroup.official.saiyo,"data:image/gif;base64,R0lGODlhAQABAIAAAAAAAP///yH5BAEAAAAALAAAAAABAAEAAAIBRAA7",丸の内にいる営業マン🌟のオリジナル楽曲 - 丸の内にいる営業マン🌟を使用して丸の内にいる営業マン🌟が作成したやる気と元気に満ちた営業女子😂❤️‍🔥 どんな会社か気になった…？👀 プロフィールのリンクからどんな会社か見てみてね🔗 #リヴトラスト #リヴグループ #26卒 #営業女子 #営業 #就活 #就活生 #社会人の日常 #会社でtiktok #不動産 #かわいい #KITTE #丸の内 #JPタワー ,46,selenium-human-like-1
https://www.tiktok.com/@livgroup.official.saiyo/video/7428539634424073479,7428539634424073479,livgroup.official.saiyo,"data:image/gif;base64,R0lGODlhAQABAIAAAAAAAP///yH5BAEAAAAALAAAAAABAAEAAAIBRAA7",丸の内にいる営業マン🌟のオリジナル楽曲 - 丸の内にいる営業マン🌟を使用して丸の内にいる営業マン🌟が作成した新卒から年収1000万も夢じゃない💪⭐️ 営業力をつけたい学生は是非説明会に参加してみてください🔥🔥 未経験でも安心の手厚い研修制度が自慢です🙋‍♀️ #リヴトラスト #リヴグループ #26卒 #営業女子 #営業 #営業マン #就活 #就活生 #就活対策 #採用 #不動産 #社会人の日常 #会社でtiktok ,42,selenium-human-like-1
https://www.tiktok.com/@livgroup.official.saiyo/video/7428184491455253778,7428184491455253778,livgroup.official.saiyo,"data:image/gif;base64,R0lGODlhAQABAIAAAAAAAP///yH5BAEAAAAALAAAAAABAAEAAAIBRAA7",Zieda Kajenのsuara asli - Zieda Kajenを使用して丸の内にいる営業マン🌟が作成した10/19(土)渋谷の採用イベントに参加してきました！ 今回も沢山の学生さんとお話出来て楽しかったです🥰🎶 来られなかった方も、プロフィールのリンクから説明会に参加できます！ 採用イベントに参加された方には特別に丸の内オフィスにご案内もしてます👀💓 是非！イベントから説明会を予約して1日丸の内OLを体験してみてください🏙✨ #リヴトラスト #リヴグループ #26卒 #営業女子 #営業 #営業マン #就活 #就活生 #就活対策 #採用 #渋谷 #不動産 #丸の内 ,27,selenium-human-like-1
https://www.tiktok.com/@livgroup.official.saiyo/video/7427047947931618568,7427047947931618568,livgroup.official.saiyo,"data:image/gif;base64,R0lGODlhAQABAIAAAAAAAP///yH5BAEAAAAALAAAAAABAAEAAAIBRAA7",パペットスンスンのオリジナル楽曲 - パペットスンスンを使用して丸の内にいる営業マン🌟が作成した新卒女子で撮ってみた👀💓 #スンスン #リヴトラスト #リヴグループ #26卒 #新卒 #営業女子 #社会人の日常 #パペットスンスン ,35,selenium-human-like-1
